{"type":"FeatureCollection","name":"Bairros de Criciúma - IBGE Censo 2022","features":[{"type":"Feature","id":"4204608022","properties":{"id":"4204608022","name":"Centro","city":"Criciúma","cityCode":"4204608"},"geometry":{"type":"Polygon","coordinates":[[[-49.36791,-28.6802],[-49.36795,-28.68031],[-49.36797,-28.68038],[-49.36809,-28.68036],[-49.36826,-28.6806],[-49.36834,-28.68068],[-49.36843,-28.68071],[-49.36857,-28.6807],[-49.36885,-28.68065],[-49.36895,-28.68063],[-49.36904,-28.68063],[-49.3691,-28.68063],[-49.36916,-28.68068],[-49.3692,-28.68075],[-49.36922,-28.68092],[-49.36921,-28.68256],[-49.3692,-28.68314],[-49.36919,-28.68348],[-49.36919,-28.68356],[-49.36917,-28.68393],[-49.36918,-28.6843],[-49.36918,-28.68506],[-49.36917,-28.68541],[-49.36917,-28.68574],[-49.37192,-28.68576],[-49.37325,-28.68576],[-49.37461,-28.68578],[-49.37461,-28.68578],[-49.37593,-28.6858],[-49.37647,-28.6858],[-49.37659,-28.68578],[-49.37671,-28.68572],[-49.3775,-28.68496],[-49.37843,-28.68409],[-49.37941,-28.68316],[-49.3807,-28.68195],[-49.38039,-28.68165],[-49.38017,-28.68146],[-49.37997,-28.68131],[-49.37983,-28.68122],[-49.37974,-28.68115],[-49.37833,-28.68027],[-49.37893,-28.67971],[-49.37926,-28.67941],[-49.37973,-28.67897],[-49.38018,-28.67838],[-49.38066,-28.67774],[-49.38066,-28.67774],[-49.38075,-28.67761],[-49.37999,-28.67701],[-49.37835,-28.67564],[-49.37772,-28.67512],[-49.37717,-28.67467],[-49.37645,-28.67407],[-49.37593,-28.67362],[-49.37527,-28.67304],[-49.37522,-28.67308],[-49.37393,-28.67205],[-49.37373,-28.67186],[-49.37359,-28.6717],[-49.37355,-28.67147],[-49.37349,-28.67154],[-49.37246,-28.67067],[-49.37149,-28.6699],[-49.37098,-28.67038],[-49.37046,-28.67085],[-49.36997,-28.67129],[-49.36946,-28.67178],[-49.36851,-28.67265],[-49.36806,-28.67312],[-49.3676,-28.67353],[-49.3669,-28.67291],[-49.36564,-28.67186],[-49.36455,-28.67231],[-49.3637,-28.67266],[-49.36378,-28.67282],[-49.36415,-28.67349],[-49.36442,-28.67391],[-49.36482,-28.67449],[-49.36504,-28.67474],[-49.36571,-28.67535],[-49.36482,-28.67617],[-49.36438,-28.67657],[-49.3636,-28.67728],[-49.36279,-28.67801],[-49.36264,-28.67815],[-49.36247,-28.67833],[-49.36246,-28.67847],[-49.36201,-28.67851],[-49.3616,-28.67855],[-49.36105,-28.67861],[-49.36029,-28.67867],[-49.36006,-28.67868],[-49.35985,-28.67866],[-49.3596,-28.67862],[-49.35983,-28.67879],[-49.35989,-28.67883],[-49.36047,-28.67938],[-49.36107,-28.67999],[-49.36141,-28.68029],[-49.3619,-28.68065],[-49.36203,-28.68071],[-49.36228,-28.68083],[-49.36269,-28.68099],[-49.36297,-28.68109],[-49.36312,-28.68111],[-49.36341,-28.68116],[-49.36386,-28.68122],[-49.36408,-28.68122],[-49.36448,-28.68121],[-49.36489,-28.68113],[-49.36512,-28.68108],[-49.36521,-28.68104],[-49.36621,-28.68072],[-49.36692,-28.6805],[-49.36791,-28.6802]]]}},{"type":"Feature","id":"4204608020","properties":{"id":"4204608020","name":"Vera Cruz","city":"Criciúma","cityCode":"4204608"},"geometry":{"type":"Polygon","coordinates":[[[-49.37785,-28.67187],[-49.37825,-28.6715],[-49.37866,-28.67113],[-49.3796,-28.67026],[-49.3814,-28.66862],[-49.38081,-28.66811],[-49.3807,-28.66802],[-49.3806,-28.66796],[-49.37918,-28.66677],[-49.37861,-28.66631],[-49.3785,-28.66638],[-49.37812,-28.66672],[-49.37716,-28.66762],[-49.37664,-28.66812],[-49.37592,-28.66876],[-49.37531,-28.6693],[-49.37577,-28.66964],[-49.37482,-28.67049],[-49.3744,-28.67013],[-49.37351,-28.67097],[-49.37307,-28.67061],[-49.37279,-28.67037],[-49.37246,-28.67067],[-49.37349,-28.67154],[-49.37355,-28.67147],[-49.37359,-28.6717],[-49.37373,-28.67186],[-49.37393,-28.67205],[-49.37522,-28.67308],[-49.37527,-28.67304],[-49.37593,-28.67362],[-49.37663,-28.67299],[-49.37752,-28.67217],[-49.37785,-28.67187]]]}},{"type":"Feature","id":"4204608060","properties":{"id":"4204608060","name":"Demboski","city":"Criciúma","cityCode":"4204608"},"geometry":{"type":"Polygon","coordinates":[[[-49.31287,-28.67882],[-49.31339,-28.67899],[-49.31384,-28.67907],[-49.31463,-28.67907],[-49.31502,-28.67907],[-49.31512,-28.6791],[-49.31514,-28.67723],[-49.31524,-28.6707],[-49.3153,-28.6671],[-49.30948,-28.667],[-49.30905,-28.667],[-49.30893,-28.667],[-49.30466,-28.66699],[-49.2965,-28.66693],[-49.28903,-28.66703],[-49.28902,-28.67052],[-49.28887,-28.67943],[-49.28918,-28.67945],[-49.2901,-28.67977],[-49.29142,-28.68016],[-49.29185,-28.68021],[-49.29246,-28.68011],[-49.29349,-28.67964],[-49.29455,-28.6792],[-49.29536,-28.67894],[-49.29586,-28.67884],[-49.29677,-28.67868],[-49.2973,-28.6786],[-49.29838,-28.67841],[-49.29952,-28.67822],[-49.30025,-28.67807],[-49.30106,-28.67795],[-49.30223,-28.67772],[-49.30358,-28.6772],[-49.30405,-28.67705],[-49.30439,-28.67691],[-49.30582,-28.67694],[-49.30609,-28.67695],[-49.30642,-28.67702],[-49.30668,-28.67711],[-49.30695,-28.67726],[-49.30718,-28.67744],[-49.30815,-28.67838],[-49.30867,-28.67858],[-49.30893,-28.67865],[-49.30941,-28.67865],[-49.30988,-28.67848],[-49.31053,-28.67821],[-49.31086,-28.67819],[-49.31126,-28.67829],[-49.31268,-28.67876],[-49.31287,-28.67882]]]}},{"type":"Feature","id":"4204608031","properties":{"id":"4204608031","name":"Ana Maria","city":"Criciúma","cityCode":"4204608"},"geometry":{"type":"Polygon","coordinates":[[[-49.35072,-28.71076],[-49.35325,-28.71043],[-49.35381,-28.71036],[-49.35395,-28.71035],[-49.35498,-28.7102],[-49.35583,-28.7101],[-49.35677,-28.70997],[-49.35763,-28.70985],[-49.35827,-28.70977],[-49.35893,-28.70969],[-49.35899,-28.70968],[-49.35869,-28.70952],[-49.35822,-28.7093],[-49.35804,-28.7092],[-49.35777,-28.70903],[-49.35746,-28.70882],[-49.35722,-28.70858],[-49.35696,-28.70831],[-49.35673,-28.70804],[-49.35657,-28.7078],[-49.35642,-28.70758],[-49.35628,-28.70732],[-49.35607,-28.70675],[-49.35599,-28.70662],[-49.35599,-28.70645],[-49.35598,-28.70606],[-49.35598,-28.70547],[-49.356,-28.70333],[-49.356,-28.70268],[-49.35601,-28.70166],[-49.35602,-28.70078],[-49.35599,-28.70035],[-49.35597,-28.70006],[-49.35594,-28.69975],[-49.35588,-28.69945],[-49.35584,-28.69924],[-49.35572,-28.69892],[-49.35548,-28.69839],[-49.35538,-28.69822],[-49.35509,-28.69789],[-49.355,-28.6979],[-49.35494,-28.69785],[-49.35431,-28.69788],[-49.35385,-28.69785],[-49.35345,-28.69783],[-49.35228,-28.69782],[-49.3517,-28.69781],[-49.35125,-28.69789],[-49.35089,-28.69795],[-49.35058,-28.69799],[-49.34996,-28.69801],[-49.34933,-28.69793],[-49.34866,-28.69789],[-49.348,-28.69789],[-49.34728,-28.69789],[-49.34654,-28.69789],[-49.34585,-28.69787],[-49.34519,-28.69785],[-49.34507,-28.69785],[-49.34507,-28.69792],[-49.34507,-28.69795],[-49.34507,-28.69806],[-49.34506,-28.69846],[-49.34502,-28.69871],[-49.34495,-28.6992],[-49.34482,-28.69964],[-49.34465,-28.7],[-49.34457,-28.7002],[-49.34441,-28.70068],[-49.34437,-28.7008],[-49.3443,-28.70115],[-49.34426,-28.70138],[-49.34422,-28.70172],[-49.34419,-28.70222],[-49.34421,-28.70286],[-49.3442,-28.70347],[-49.34418,-28.70518],[-49.34417,-28.70606],[-49.34415,-28.70713],[-49.34415,-28.7078],[-49.34415,-28.70859],[-49.34414,-28.70996],[-49.34418,-28.71128],[-49.34419,-28.71161],[-49.34423,-28.71161],[-49.3444,-28.71158],[-49.34444,-28.71158],[-49.34447,-28.71158],[-49.34566,-28.71142],[-49.34769,-28.71114],[-49.3498,-28.71089],[-49.35072,-28.71076]]]}},{"type":"Feature","id":"4204608520","properties":{"id":"4204608520","name":"Primeira Linha Pontilhão","city":"Criciúma","cityCode":"4204608"},"geometry":{"type":"Polygon","coordinates":[[[-49.40391,-28.72115],[-49.40394,-28.72304],[-49.40405,-28.72591],[-49.40407,-28.72699],[-49.41182,-28.72732],[-49.41183,-28.72725],[-49.41194,-28.72698],[-49.41227,-28.72629],[-49.41245,-28.72595],[-49.41282,-28.72545],[-49.41315,-28.72512],[-49.41367,-28.72465],[-49.41369,-28.72463],[-49.41388,-28.72445],[-49.41411,-28.7242],[-49.41413,-28.72419],[-49.41435,-28.72399],[-49.41466,-28.72372],[-49.41526,-28.72317],[-49.41586,-28.72271],[-49.41638,-28.72241],[-49.41661,-28.72229],[-49.41698,-28.72215],[-49.41787,-28.7218],[-49.41843,-28.72159],[-49.41893,-28.72133],[-49.41895,-28.72132],[-49.41932,-28.72104],[-49.41962,-28.72075],[-49.41966,-28.7207],[-49.41994,-28.72031],[-49.42018,-28.71993],[-49.42028,-28.71976],[-49.42035,-28.71954],[-49.42045,-28.71922],[-49.42049,-28.71904],[-49.42058,-28.71863],[-49.42067,-28.7182],[-49.42071,-28.71789],[-49.42076,-28.71747],[-49.42087,-28.71674],[-49.42096,-28.7162],[-49.42097,-28.71612],[-49.42099,-28.71598],[-49.42105,-28.71577],[-49.42109,-28.71561],[-49.42111,-28.7155],[-49.42111,-28.7154],[-49.42112,-28.71511],[-49.42115,-28.71496],[-49.42121,-28.71463],[-49.42123,-28.71446],[-49.42126,-28.7143],[-49.42145,-28.71307],[-49.42148,-28.71278],[-49.42149,-28.71266],[-49.42148,-28.71251],[-49.42147,-28.71246],[-49.42144,-28.71234],[-49.42141,-28.71218],[-49.42139,-28.71213],[-49.42137,-28.71208],[-49.42136,-28.71203],[-49.42132,-28.71193],[-49.42131,-28.71187],[-49.42129,-28.71182],[-49.42118,-28.71157],[-49.42113,-28.71137],[-49.42099,-28.7109],[-49.42087,-28.71049],[-49.42079,-28.71023],[-49.42072,-28.71],[-49.42069,-28.7099],[-49.4206,-28.70959],[-49.42038,-28.70883],[-49.42022,-28.70834],[-49.4202,-28.70823],[-49.42017,-28.70813],[-49.42016,-28.70809],[-49.42015,-28.70805],[-49.42011,-28.70799],[-49.42007,-28.70784],[-49.42006,-28.70779],[-49.42003,-28.70769],[-49.41568,-28.70752],[-49.41576,-28.70796],[-49.41541,-28.70797],[-49.41477,-28.70794],[-49.41439,-28.70787],[-49.41385,-28.70783],[-49.4132,-28.70781],[-49.41228,-28.70776],[-49.41159,-28.70765],[-49.41043,-28.70745],[-49.40948,-28.70729],[-49.40849,-28.70715],[-49.40783,-28.70711],[-49.40709,-28.70706],[-49.40681,-28.70698],[-49.40649,-28.70679],[-49.40595,-28.7063],[-49.4053,-28.70564],[-49.40519,-28.70562],[-49.40515,-28.70562],[-49.40502,-28.70561],[-49.40501,-28.7058],[-49.40486,-28.70682],[-49.40459,-28.70811],[-49.40432,-28.70973],[-49.40418,-28.71058],[-49.40418,-28.71062],[-49.40391,-28.71059],[-49.40268,-28.71061],[-49.40246,-28.71061],[-49.40196,-28.71062],[-49.40183,-28.71066],[-49.39997,-28.71067],[-49.39714,-28.71063],[-49.39437,-28.71058],[-49.39351,-28.71061],[-49.39194,-28.71063],[-49.39149,-28.71957],[-49.39105,-28.72887],[-49.3988,-28.729],[-49.4004,-28.72913],[-49.40087,-28.72117],[-49.40088,-28.72108],[-49.40391,-28.72115]]]}},{"type":"Feature","id":"4204608012","properties":{"id":"4204608012","name":"Próspera","city":"Criciúma","cityCode":"4204608"},"geometry":{"type":"Polygon","coordinates":[[[-49.34213,-28.67733],[-49.34212,-28.6786],[-49.34212,-28.67944],[-49.34207,-28.67966],[-49.34197,-28.6799],[-49.34216,-28.68],[-49.34212,-28.68015],[-49.34211,-28.68091],[-49.34211,-28.68205],[-49.34209,-28.68316],[-49.34208,-28.68453],[-49.3426,-28.68453],[-49.34266,-28.6845],[-49.3428,-28.68448],[-49.34339,-28.68444],[-49.34335,-28.68453],[-49.34405,-28.68478],[-49.34435,-28.68419],[-49.34474,-28.68342],[-49.3449,-28.68307],[-49.34492,-28.68291],[-49.34499,-28.68293],[-49.34501,-28.68295],[-49.34509,-28.68305],[-49.34511,-28.68308],[-49.34512,-28.68321],[-49.34515,-28.68336],[-49.3453,-28.68381],[-49.34534,-28.68402],[-49.34536,-28.68434],[-49.34543,-28.68439],[-49.34554,-28.68442],[-49.34565,-28.68438],[-49.34577,-28.68414],[-49.34591,-28.68386],[-49.34608,-28.6836],[-49.3462,-28.68344],[-49.3464,-28.68327],[-49.34663,-28.68317],[-49.34678,-28.68306],[-49.34694,-28.68297],[-49.34712,-28.68288],[-49.34737,-28.68282],[-49.34758,-28.68279],[-49.34958,-28.68283],[-49.34965,-28.68282],[-49.34971,-28.68283],[-49.35167,-28.68286],[-49.35218,-28.68287],[-49.35243,-28.68287],[-49.35276,-28.68289],[-49.35306,-28.68291],[-49.35376,-28.68292],[-49.35433,-28.68292],[-49.35505,-28.68293],[-49.3551,-28.68289],[-49.35515,-28.68288],[-49.35516,-28.68288],[-49.35522,-28.68289],[-49.35527,-28.68293],[-49.35533,-28.68293],[-49.35603,-28.68293],[-49.357,-28.68293],[-49.357,-28.6829],[-49.357,-28.68287],[-49.357,-28.6822],[-49.357,-28.68216],[-49.35654,-28.68177],[-49.35618,-28.68147],[-49.35608,-28.68139],[-49.35561,-28.68099],[-49.35553,-28.68092],[-49.35617,-28.68033],[-49.35616,-28.68],[-49.35618,-28.6795],[-49.35618,-28.67908],[-49.35619,-28.67878],[-49.3562,-28.67847],[-49.35619,-28.67816],[-49.35621,-28.67791],[-49.35621,-28.67786],[-49.35622,-28.67775],[-49.35622,-28.6777],[-49.35622,-28.67763],[-49.35621,-28.67759],[-49.3562,-28.67754],[-49.3562,-28.67748],[-49.35619,-28.67745],[-49.3562,-28.67734],[-49.35621,-28.67666],[-49.35621,-28.67648],[-49.3562,-28.67588],[-49.35621,-28.67495],[-49.35619,-28.67485],[-49.35618,-28.67422],[-49.35617,-28.67411],[-49.35615,-28.67377],[-49.35619,-28.67377],[-49.35619,-28.67345],[-49.35619,-28.67316],[-49.35618,-28.67302],[-49.35612,-28.67238],[-49.35612,-28.67234],[-49.35612,-28.67171],[-49.35613,-28.67168],[-49.35612,-28.67165],[-49.35612,-28.67145],[-49.35612,-28.67109],[-49.35416,-28.67111],[-49.35115,-28.67111],[-49.35111,-28.67111],[-49.35108,-28.67111],[-49.34773,-28.67121],[-49.34769,-28.67121],[-49.34765,-28.67121],[-49.34423,-28.67124],[-49.3442,-28.67125],[-49.34264,-28.67125],[-49.34264,-28.67196],[-49.34263,-28.67257],[-49.34263,-28.67316],[-49.34263,-28.67378],[-49.34263,-28.67557],[-49.34214,-28.67556],[-49.34213,-28.67733]]]}},{"type":"Feature","id":"4204608035","properties":{"id":"4204608035","name":"Maria Céu","city":"Criciúma","cityCode":"4204608"},"geometry":{"type":"Polygon","coordinates":[[[-49.39492,-28.67344],[-49.39563,-28.67274],[-49.39519,-28.67172],[-49.39523,-28.67093],[-49.39606,-28.67012],[-49.39538,-28.66951],[-49.39566,-28.66624],[-49.39578,-28.66624],[-49.39634,-28.66613],[-49.397,-28.66587],[-49.39703,-28.66585],[-49.39677,-28.66523],[-49.39647,-28.66428],[-49.39626,-28.66393],[-49.39611,-28.66366],[-49.39599,-28.66342],[-49.39587,-28.66319],[-49.39578,-28.66316],[-49.39565,-28.66314],[-49.39547,-28.66326],[-49.39534,-28.66332],[-49.3946,-28.66395],[-49.3942,-28.66427],[-49.39384,-28.66457],[-49.39338,-28.66496],[-49.39275,-28.66554],[-49.39198,-28.66618],[-49.39195,-28.6662],[-49.39128,-28.66678],[-49.39074,-28.66736],[-49.39036,-28.66793],[-49.39013,-28.66831],[-49.39001,-28.6686],[-49.38983,-28.66898],[-49.38954,-28.66955],[-49.38924,-28.67],[-49.38895,-28.67033],[-49.38877,-28.67051],[-49.38826,-28.67098],[-49.38691,-28.67225],[-49.38664,-28.67231],[-49.38632,-28.67251],[-49.38611,-28.67264],[-49.38597,-28.67277],[-49.38627,-28.67275],[-49.38644,-28.67271],[-49.38661,-28.67273],[-49.38671,-28.67275],[-49.38681,-28.67271],[-49.38709,-28.67269],[-49.38831,-28.67279],[-49.38843,-28.67281],[-49.38899,-28.67288],[-49.38915,-28.67291],[-49.38975,-28.67313],[-49.3903,-28.67338],[-49.3908,-28.6736],[-49.39134,-28.67382],[-49.39233,-28.67424],[-49.39269,-28.67439],[-49.39357,-28.67477],[-49.39359,-28.67475],[-49.39492,-28.67344]]]}},{"type":"Feature","id":"4204608043","properties":{"id":"4204608043","name":"Quarta Linha","city":"Criciúma","cityCode":"4204608"},"geometry":{"type":"Polygon","coordinates":[[[-49.3865,-28.80209],[-49.38663,-28.80163],[-49.38689,-28.80059],[-49.38691,-28.80019],[-49.3869,-28.80005],[-49.38663,-28.79943],[-49.38658,-28.79916],[-49.38663,-28.79903],[-49.38724,-28.79824],[-49.38749,-28.79768],[-49.38778,-28.79707],[-49.38786,-28.79687],[-49.38786,-28.79649],[-49.38789,-28.79571],[-49.38786,-28.79534],[-49.38773,-28.79451],[-49.38751,-28.79347],[-49.38752,-28.79331],[-49.38756,-28.79313],[-49.38764,-28.79291],[-49.38779,-28.79268],[-49.388,-28.79247],[-49.38823,-28.79226],[-49.38848,-28.79191],[-49.38898,-28.79123],[-49.38919,-28.79083],[-49.38929,-28.7905],[-49.38931,-28.79026],[-49.38913,-28.78895],[-49.38939,-28.78811],[-49.38955,-28.78749],[-49.38956,-28.7872],[-49.38951,-28.78675],[-49.38955,-28.78652],[-49.38967,-28.78626],[-49.38986,-28.78589],[-49.39009,-28.78552],[-49.39035,-28.78498],[-49.39055,-28.78432],[-49.39067,-28.78382],[-49.39082,-28.78351],[-49.39106,-28.78315],[-49.39117,-28.78287],[-49.39117,-28.78264],[-49.3911,-28.78243],[-49.39091,-28.78223],[-49.39065,-28.78199],[-49.39044,-28.78177],[-49.39032,-28.78153],[-49.39007,-28.78047],[-49.39005,-28.78027],[-49.39008,-28.78008],[-49.39014,-28.77988],[-49.39025,-28.77966],[-49.39045,-28.77939],[-49.39125,-28.7785],[-49.39161,-28.77806],[-49.39172,-28.77779],[-49.39184,-28.7773],[-49.39195,-28.7769],[-49.39204,-28.77665],[-49.39224,-28.77634],[-49.3931,-28.77539],[-49.39327,-28.77522],[-49.39341,-28.775],[-49.39347,-28.77475],[-49.39341,-28.77445],[-49.39333,-28.77421],[-49.39316,-28.77391],[-49.39293,-28.77356],[-49.39263,-28.77331],[-49.39231,-28.77314],[-49.39193,-28.77299],[-49.39173,-28.7729],[-49.39167,-28.77282],[-49.39157,-28.77262],[-49.3915,-28.77233],[-49.39138,-28.77194],[-49.39122,-28.77168],[-49.39093,-28.77115],[-49.39075,-28.77075],[-49.37965,-28.77066],[-49.37854,-28.77065],[-49.37629,-28.77057],[-49.37627,-28.77141],[-49.37607,-28.77452],[-49.37602,-28.7756],[-49.37588,-28.7777],[-49.37578,-28.77957],[-49.37568,-28.78174],[-49.37557,-28.78334],[-49.37545,-28.78501],[-49.37524,-28.78817],[-49.37521,-28.78871],[-49.37522,-28.78981],[-49.3752,-28.79022],[-49.37517,-28.79083],[-49.37514,-28.79133],[-49.37505,-28.79308],[-49.37497,-28.79432],[-49.37493,-28.79504],[-49.37487,-28.7963],[-49.37642,-28.79719],[-49.37757,-28.79786],[-49.37847,-28.79836],[-49.37945,-28.79894],[-49.38037,-28.79945],[-49.38104,-28.7998],[-49.38181,-28.80014],[-49.38303,-28.80065],[-49.38529,-28.80159],[-49.3865,-28.80209]]]}},{"type":"Feature","id":"4204608039","properties":{"id":"4204608039","name":"Jardim das Paineiras","city":"Criciúma","cityCode":"4204608"},"geometry":{"type":"Polygon","coordinates":[[[-49.37012,-28.71902],[-49.37012,-28.71888],[-49.37011,-28.71884],[-49.37011,-28.71881],[-49.3701,-28.71868],[-49.3701,-28.71861],[-49.37006,-28.71803],[-49.37003,-28.71755],[-49.36997,-28.71675],[-49.36989,-28.71562],[-49.36983,-28.71485],[-49.36978,-28.71453],[-49.36964,-28.71418],[-49.36931,-28.71358],[-49.36901,-28.71298],[-49.36887,-28.71255],[-49.36882,-28.71212],[-49.36882,-28.7112],[-49.3688,-28.71052],[-49.36881,-28.7097],[-49.36884,-28.70941],[-49.36889,-28.70926],[-49.36892,-28.70921],[-49.36894,-28.70914],[-49.36891,-28.70905],[-49.36887,-28.70891],[-49.36883,-28.70868],[-49.36875,-28.70891],[-49.36866,-28.709],[-49.36801,-28.70917],[-49.36756,-28.70923],[-49.36689,-28.70924],[-49.36625,-28.70926],[-49.36593,-28.70931],[-49.36566,-28.70938],[-49.36531,-28.70948],[-49.36497,-28.70953],[-49.36413,-28.70965],[-49.36363,-28.70972],[-49.36337,-28.70973],[-49.36316,-28.70971],[-49.36285,-28.70967],[-49.36266,-28.70966],[-49.3625,-28.70965],[-49.36249,-28.71014],[-49.36247,-28.71076],[-49.36246,-28.71121],[-49.36244,-28.71196],[-49.3624,-28.71315],[-49.36239,-28.71321],[-49.36236,-28.71358],[-49.36237,-28.71367],[-49.36243,-28.71395],[-49.36255,-28.71411],[-49.36263,-28.71417],[-49.36271,-28.71427],[-49.36256,-28.71881],[-49.36256,-28.71881],[-49.36215,-28.7188],[-49.36182,-28.71879],[-49.36033,-28.71874],[-49.36019,-28.71873],[-49.35936,-28.71871],[-49.35892,-28.71869],[-49.35892,-28.71872],[-49.35858,-28.72782],[-49.36032,-28.72792],[-49.36266,-28.72798],[-49.37071,-28.72819],[-49.37075,-28.72819],[-49.37069,-28.72725],[-49.37056,-28.72531],[-49.37053,-28.72488],[-49.37044,-28.72364],[-49.37028,-28.72144],[-49.37025,-28.721],[-49.37016,-28.71942],[-49.37015,-28.71934],[-49.37014,-28.71921],[-49.37013,-28.71918],[-49.37012,-28.71902]]]}},{"type":"Feature","id":"4204608014","properties":{"id":"4204608014","name":"Comerciário","city":"Criciúma","cityCode":"4204608"},"geometry":{"type":"Polygon","coordinates":[[[-49.36917,-28.68673],[-49.36917,-28.68635],[-49.36917,-28.68582],[-49.36917,-28.68574],[-49.36917,-28.68541],[-49.36918,-28.68506],[-49.36918,-28.6843],[-49.36917,-28.68393],[-49.36919,-28.68356],[-49.36919,-28.68348],[-49.3692,-28.68314],[-49.36921,-28.68256],[-49.36922,-28.68092],[-49.3692,-28.68075],[-49.36916,-28.68068],[-49.3691,-28.68063],[-49.36904,-28.68063],[-49.36895,-28.68063],[-49.36885,-28.68065],[-49.36857,-28.6807],[-49.36843,-28.68071],[-49.36834,-28.68068],[-49.36826,-28.6806],[-49.36809,-28.68036],[-49.36797,-28.68038],[-49.36795,-28.68031],[-49.36791,-28.6802],[-49.36692,-28.6805],[-49.36621,-28.68072],[-49.36521,-28.68104],[-49.36512,-28.68108],[-49.36492,-28.68129],[-49.36458,-28.68159],[-49.36436,-28.68178],[-49.36433,-28.68183],[-49.36284,-28.6832],[-49.36261,-28.68339],[-49.3614,-28.68453],[-49.36016,-28.68567],[-49.36004,-28.68577],[-49.35984,-28.68594],[-49.3597,-28.68612],[-49.35957,-28.68627],[-49.35942,-28.68642],[-49.35936,-28.68654],[-49.35918,-28.6869],[-49.35902,-28.68713],[-49.35899,-28.68751],[-49.35898,-28.68769],[-49.35895,-28.69613],[-49.35894,-28.69618],[-49.35973,-28.69617],[-49.35999,-28.69613],[-49.36028,-28.69604],[-49.36052,-28.6959],[-49.36071,-28.69574],[-49.36093,-28.69549],[-49.36149,-28.69478],[-49.3623,-28.69376],[-49.36283,-28.6931],[-49.36311,-28.69274],[-49.36336,-28.69251],[-49.36364,-28.69233],[-49.36396,-28.69222],[-49.36429,-28.69215],[-49.36505,-28.69217],[-49.36639,-28.69218],[-49.36774,-28.69218],[-49.36851,-28.69218],[-49.36883,-28.69222],[-49.36899,-28.6922],[-49.36911,-28.69221],[-49.36911,-28.69219],[-49.36911,-28.6919],[-49.36911,-28.69187],[-49.36911,-28.69184],[-49.3691,-28.69175],[-49.36911,-28.69166],[-49.36912,-28.69139],[-49.36916,-28.6907],[-49.36917,-28.69002],[-49.36918,-28.68945],[-49.36918,-28.68937],[-49.36918,-28.68877],[-49.36917,-28.68819],[-49.36917,-28.68753],[-49.36917,-28.68694],[-49.36917,-28.68673]]]}},{"type":"Feature","id":"4204608076","properties":{"id":"4204608076","name":"Vila Maria","city":"Criciúma","cityCode":"4204608"},"geometry":{"type":"Polygon","coordinates":[[[-49.38389,-28.83999],[-49.38383,-28.83988],[-49.3837,-28.83955],[-49.38354,-28.83914],[-49.38339,-28.83869],[-49.38312,-28.83816],[-49.38304,-28.83793],[-49.38305,-28.83757],[-49.38303,-28.83737],[-49.38288,-28.837],[-49.3827,-28.83678],[-49.38242,-28.83656],[-49.38141,-28.83559],[-49.38037,-28.83453],[-49.37932,-28.83352],[-49.37884,-28.83304],[-49.37833,-28.83256],[-49.37698,-28.83119],[-49.37632,-28.83049],[-49.37601,-28.83071],[-49.37555,-28.83109],[-49.37497,-28.83162],[-49.37428,-28.83228],[-49.37337,-28.83313],[-49.37286,-28.83361],[-49.37269,-28.83376],[-49.37256,-28.83392],[-49.37239,-28.8341],[-49.37186,-28.8346],[-49.37124,-28.83522],[-49.37109,-28.83534],[-49.37078,-28.83559],[-49.37044,-28.83589],[-49.37022,-28.8361],[-49.37002,-28.8363],[-49.36646,-28.83371],[-49.3713,-28.8292],[-49.3685,-28.82703],[-49.36825,-28.82674],[-49.36735,-28.826],[-49.36569,-28.8246],[-49.36456,-28.82367],[-49.36354,-28.82284],[-49.36219,-28.82171],[-49.36128,-28.82088],[-49.35943,-28.81937],[-49.35782,-28.81809],[-49.35653,-28.81703],[-49.35652,-28.81697],[-49.35655,-28.81692],[-49.35764,-28.81586],[-49.3583,-28.81522],[-49.35836,-28.81512],[-49.35836,-28.81502],[-49.3583,-28.81494],[-49.35381,-28.81126],[-49.35292,-28.82806],[-49.35149,-28.85517],[-49.3554,-28.85336],[-49.38389,-28.83999]]]}},{"type":"Feature","id":"4204608058","properties":{"id":"4204608058","name":"Archimedes Naspolini","city":"Criciúma","cityCode":"4204608"},"geometry":{"type":"Polygon","coordinates":[[[-49.38034,-28.65984],[-49.3816,-28.65985],[-49.38162,-28.65905],[-49.38162,-28.65888],[-49.38161,-28.65827],[-49.38248,-28.65826],[-49.38246,-28.65722],[-49.3839,-28.65722],[-49.38391,-28.65435],[-49.38431,-28.65413],[-49.38499,-28.65368],[-49.38584,-28.65317],[-49.38619,-28.65302],[-49.38621,-28.65446],[-49.38622,-28.65554],[-49.38859,-28.65548],[-49.39129,-28.65873],[-49.39154,-28.6586],[-49.39179,-28.65847],[-49.39224,-28.65824],[-49.39245,-28.65815],[-49.39268,-28.658],[-49.39277,-28.65793],[-49.39284,-28.6579],[-49.39293,-28.65788],[-49.393,-28.65787],[-49.39348,-28.65786],[-49.39384,-28.65786],[-49.39433,-28.65793],[-49.39468,-28.65802],[-49.39506,-28.65815],[-49.39464,-28.65759],[-49.39448,-28.65726],[-49.39438,-28.65682],[-49.39432,-28.65613],[-49.39429,-28.65531],[-49.3943,-28.65423],[-49.39428,-28.65336],[-49.39409,-28.65271],[-49.39389,-28.65237],[-49.39358,-28.65203],[-49.3932,-28.65177],[-49.3926,-28.65149],[-49.39247,-28.65144],[-49.39247,-28.65137],[-49.39251,-28.65121],[-49.3927,-28.6511],[-49.39302,-28.65137],[-49.39337,-28.65159],[-49.39373,-28.65166],[-49.39448,-28.65167],[-49.39623,-28.65166],[-49.39645,-28.6517],[-49.39684,-28.65186],[-49.39761,-28.65233],[-49.39755,-28.65184],[-49.39756,-28.65179],[-49.39756,-28.65174],[-49.3981,-28.64477],[-49.39069,-28.64477],[-49.39062,-28.64495],[-49.39058,-28.64534],[-49.36699,-28.64522],[-49.36623,-28.64329],[-49.36357,-28.63647],[-49.36341,-28.63659],[-49.36291,-28.63665],[-49.36233,-28.63672],[-49.36161,-28.6362],[-49.36116,-28.63591],[-49.36088,-28.63576],[-49.36047,-28.63578],[-49.36031,-28.63587],[-49.36004,-28.63602],[-49.35974,-28.63618],[-49.35951,-28.63627],[-49.35928,-28.63636],[-49.35901,-28.63648],[-49.35881,-28.63655],[-49.35885,-28.63988],[-49.35774,-28.63995],[-49.35689,-28.64023],[-49.35587,-28.64031],[-49.35435,-28.64036],[-49.3575,-28.64537],[-49.36604,-28.65885],[-49.36706,-28.65937],[-49.36739,-28.65956],[-49.36772,-28.65978],[-49.36823,-28.66013],[-49.36864,-28.66034],[-49.369,-28.66047],[-49.36995,-28.66073],[-49.37079,-28.66094],[-49.37235,-28.66133],[-49.37279,-28.66153],[-49.3733,-28.66189],[-49.37351,-28.66208],[-49.3737,-28.66224],[-49.37508,-28.66339],[-49.37594,-28.66409],[-49.37616,-28.66421],[-49.37639,-28.66431],[-49.37671,-28.6645],[-49.37687,-28.6647],[-49.3793,-28.66137],[-49.37956,-28.66124],[-49.37969,-28.66113],[-49.37984,-28.66102],[-49.37994,-28.66087],[-49.38002,-28.66081],[-49.38011,-28.6608],[-49.38032,-28.66086],[-49.38039,-28.66045],[-49.38039,-28.66012],[-49.38037,-28.65996],[-49.38034,-28.65984]]]}},{"type":"Feature","id":"4204608041","properties":{"id":"4204608041","name":"São Simão","city":"Criciúma","cityCode":"4204608"},"geometry":{"type":"Polygon","coordinates":[[[-49.33304,-28.65618],[-49.33301,-28.65751],[-49.33303,-28.65784],[-49.33307,-28.65974],[-49.33309,-28.66276],[-49.33472,-28.66278],[-49.33476,-28.66278],[-49.33645,-28.66277],[-49.33648,-28.66277],[-49.33652,-28.66277],[-49.3441,-28.66273],[-49.35462,-28.66275],[-49.35472,-28.66288],[-49.36063,-28.65787],[-49.36136,-28.65721],[-49.36194,-28.65668],[-49.36281,-28.65717],[-49.36346,-28.65748],[-49.36389,-28.65775],[-49.36421,-28.65791],[-49.36456,-28.6581],[-49.36539,-28.65853],[-49.36576,-28.65871],[-49.36604,-28.65885],[-49.3575,-28.64537],[-49.35435,-28.64036],[-49.35413,-28.64037],[-49.3523,-28.64015],[-49.3514,-28.64013],[-49.35059,-28.64042],[-49.35012,-28.64058],[-49.3496,-28.64086],[-49.34951,-28.64095],[-49.34942,-28.64108],[-49.34867,-28.64214],[-49.34836,-28.64264],[-49.34833,-28.64288],[-49.34828,-28.64296],[-49.34824,-28.64299],[-49.34748,-28.64309],[-49.34737,-28.6431],[-49.34714,-28.64314],[-49.34711,-28.64315],[-49.34706,-28.64317],[-49.34702,-28.64318],[-49.34699,-28.64319],[-49.34696,-28.64319],[-49.34694,-28.64319],[-49.34691,-28.64318],[-49.34689,-28.64316],[-49.34688,-28.64312],[-49.34688,-28.64308],[-49.34688,-28.64305],[-49.34689,-28.64302],[-49.34689,-28.64299],[-49.34688,-28.64297],[-49.34685,-28.64294],[-49.34681,-28.64294],[-49.34671,-28.64291],[-49.34665,-28.64289],[-49.3466,-28.64286],[-49.34655,-28.64282],[-49.34646,-28.64278],[-49.34637,-28.64275],[-49.34628,-28.64272],[-49.34621,-28.64271],[-49.34612,-28.64267],[-49.34604,-28.64265],[-49.34599,-28.64264],[-49.34593,-28.64263],[-49.34589,-28.64263],[-49.34585,-28.64263],[-49.34581,-28.64262],[-49.34577,-28.64263],[-49.34574,-28.64264],[-49.34572,-28.64264],[-49.34568,-28.64264],[-49.34561,-28.64261],[-49.34557,-28.6426],[-49.3455,-28.64259],[-49.34549,-28.64258],[-49.34533,-28.6426],[-49.34527,-28.6426],[-49.34524,-28.6426],[-49.34509,-28.64254],[-49.34508,-28.64254],[-49.34497,-28.64253],[-49.34492,-28.64251],[-49.34488,-28.64248],[-49.34484,-28.64245],[-49.34481,-28.64239],[-49.34478,-28.64236],[-49.34476,-28.64235],[-49.34472,-28.64233],[-49.34468,-28.64233],[-49.34467,-28.64233],[-49.34459,-28.64234],[-49.34447,-28.64237],[-49.34438,-28.64237],[-49.3443,-28.64236],[-49.34421,-28.64235],[-49.3441,-28.64233],[-49.34373,-28.6423],[-49.34364,-28.64229],[-49.34354,-28.64231],[-49.3435,-28.64232],[-49.34342,-28.64235],[-49.34337,-28.64235],[-49.34334,-28.64235],[-49.34331,-28.64234],[-49.3433,-28.64234],[-49.34329,-28.64233],[-49.34286,-28.64223],[-49.34274,-28.6422],[-49.34265,-28.64216],[-49.34255,-28.64216],[-49.34251,-28.64215],[-49.34245,-28.64216],[-49.34244,-28.64216],[-49.3424,-28.64219],[-49.34237,-28.64219],[-49.34232,-28.64219],[-49.34194,-28.64201],[-49.34188,-28.642],[-49.34184,-28.642],[-49.34178,-28.64202],[-49.34174,-28.64204],[-49.34171,-28.64206],[-49.3417,-28.6421],[-49.34172,-28.64243],[-49.34168,-28.64249],[-49.34165,-28.64254],[-49.34149,-28.64263],[-49.34138,-28.64268],[-49.34129,-28.64272],[-49.34125,-28.64274],[-49.34122,-28.64276],[-49.34119,-28.64279],[-49.34115,-28.64284],[-49.34112,-28.64293],[-49.3406,-28.64432],[-49.34056,-28.64434],[-49.34052,-28.64436],[-49.34047,-28.64439],[-49.34043,-28.64442],[-49.3404,-28.64445],[-49.34037,-28.64448],[-49.34035,-28.6445],[-49.34032,-28.64456],[-49.34017,-28.64486],[-49.34014,-28.64496],[-49.34013,-28.64509],[-49.34013,-28.64519],[-49.34016,-28.64527],[-49.3402,-28.64534],[-49.34024,-28.64542],[-49.34027,-28.64551],[-49.34023,-28.64564],[-49.34015,-28.64566],[-49.34001,-28.64566],[-49.33895,-28.64525],[-49.3388,-28.6452],[-49.33845,-28.64515],[-49.33823,-28.64514],[-49.33802,-28.64514],[-49.33785,-28.64515],[-49.33767,-28.64516],[-49.33745,-28.64522],[-49.33658,-28.64557],[-49.33651,-28.64554],[-49.33647,-28.64554],[-49.33644,-28.64555],[-49.33641,-28.64558],[-49.33635,-28.6456],[-49.33628,-28.64563],[-49.33619,-28.64566],[-49.33614,-28.64567],[-49.33609,-28.64565],[-49.33605,-28.64559],[-49.33598,-28.6455],[-49.33589,-28.64543],[-49.33583,-28.64542],[-49.33576,-28.64542],[-49.33552,-28.64546],[-49.33525,-28.64553],[-49.3352,-28.64554],[-49.33516,-28.64554],[-49.33512,-28.64553],[-49.33509,-28.6455],[-49.3351,-28.64546],[-49.33531,-28.64513],[-49.33533,-28.64508],[-49.33534,-28.64506],[-49.33534,-28.64501],[-49.33531,-28.64494],[-49.33519,-28.64479],[-49.33515,-28.64476],[-49.33511,-28.64467],[-49.33507,-28.64462],[-49.33502,-28.64457],[-49.33492,-28.64449],[-49.33486,-28.64442],[-49.33482,-28.6444],[-49.33476,-28.64437],[-49.33471,-28.64437],[-49.33453,-28.64441],[-49.33449,-28.64441],[-49.33438,-28.6444],[-49.33436,-28.64438],[-49.33433,-28.64436],[-49.33433,-28.64432],[-49.33434,-28.64425],[-49.33436,-28.64414],[-49.33437,-28.64406],[-49.33437,-28.64393],[-49.33435,-28.64379],[-49.33434,-28.64365],[-49.33433,-28.64343],[-49.33421,-28.64333],[-49.33415,-28.64324],[-49.33408,-28.64314],[-49.33403,-28.64309],[-49.334,-28.64305],[-49.33396,-28.64283],[-49.33394,-28.64265],[-49.3339,-28.64244],[-49.33387,-28.64227],[-49.3338,-28.64214],[-49.33367,-28.64207],[-49.33357,-28.64202],[-49.33348,-28.64196],[-49.33342,-28.64189],[-49.33338,-28.64183],[-49.33335,-28.64171],[-49.33338,-28.64158],[-49.33338,-28.64153],[-49.33338,-28.6415],[-49.33337,-28.64146],[-49.33326,-28.64126],[-49.33317,-28.64115],[-49.33316,-28.64648],[-49.33314,-28.64988],[-49.33316,-28.65121],[-49.33315,-28.65389],[-49.33313,-28.65541],[-49.33304,-28.65618]]]}},{"type":"Feature","id":"4204608008","properties":{"id":"4204608008","name":"São Luís","city":"Criciúma","cityCode":"4204608"},"geometry":{"type":"Polygon","coordinates":[[[-49.37057,-28.69799],[-49.37111,-28.69799],[-49.37183,-28.69799],[-49.37317,-28.69801],[-49.37456,-28.69801],[-49.37513,-28.698],[-49.3759,-28.69799],[-49.37658,-28.69799],[-49.37726,-28.69798],[-49.37794,-28.69798],[-49.37859,-28.69797],[-49.37861,-28.69769],[-49.37995,-28.6977],[-49.37995,-28.6977],[-49.38128,-28.69772],[-49.38128,-28.69706],[-49.38131,-28.69636],[-49.3813,-28.69557],[-49.38131,-28.69484],[-49.38132,-28.694],[-49.3813,-28.6931],[-49.38132,-28.69221],[-49.37994,-28.6922],[-49.37862,-28.69221],[-49.37726,-28.69218],[-49.37591,-28.69218],[-49.37457,-28.69218],[-49.37323,-28.69218],[-49.37186,-28.69218],[-49.37051,-28.69217],[-49.36998,-28.69217],[-49.36968,-28.6922],[-49.36947,-28.69219],[-49.36924,-28.6922],[-49.36911,-28.69221],[-49.36899,-28.6922],[-49.36883,-28.69222],[-49.36851,-28.69218],[-49.36774,-28.69218],[-49.36639,-28.69218],[-49.36505,-28.69217],[-49.36429,-28.69215],[-49.36396,-28.69222],[-49.36364,-28.69233],[-49.36336,-28.69251],[-49.36311,-28.69274],[-49.36283,-28.6931],[-49.3623,-28.69376],[-49.36149,-28.69478],[-49.36093,-28.69549],[-49.36071,-28.69574],[-49.36052,-28.6959],[-49.36028,-28.69604],[-49.35999,-28.69613],[-49.35973,-28.69617],[-49.35894,-28.69618],[-49.35801,-28.69616],[-49.35598,-28.69615],[-49.35481,-28.69614],[-49.3543,-28.69614],[-49.35411,-28.6962],[-49.35405,-28.69629],[-49.35409,-28.6964],[-49.35415,-28.69653],[-49.355,-28.69772],[-49.35494,-28.69777],[-49.35494,-28.69785],[-49.355,-28.6979],[-49.35509,-28.69789],[-49.35513,-28.69784],[-49.35588,-28.69804],[-49.35611,-28.69807],[-49.35634,-28.69808],[-49.35654,-28.69801],[-49.35688,-28.69791],[-49.35717,-28.69788],[-49.35762,-28.69791],[-49.35794,-28.69794],[-49.35839,-28.69808],[-49.35872,-28.69824],[-49.35886,-28.69831],[-49.3591,-28.69843],[-49.35954,-28.69869],[-49.35973,-28.69883],[-49.35992,-28.69901],[-49.3601,-28.69925],[-49.36023,-28.69938],[-49.36035,-28.69943],[-49.36036,-28.69943],[-49.36041,-28.69944],[-49.3605,-28.69945],[-49.36078,-28.69944],[-49.361,-28.69942],[-49.36127,-28.69928],[-49.36162,-28.69907],[-49.36189,-28.69891],[-49.36268,-28.69863],[-49.36323,-28.69851],[-49.36356,-28.69847],[-49.36371,-28.69844],[-49.36431,-28.69824],[-49.36468,-28.69811],[-49.36488,-28.69806],[-49.36522,-28.69799],[-49.36556,-28.69795],[-49.36682,-28.69794],[-49.36754,-28.69795],[-49.3689,-28.69796],[-49.37057,-28.69799]]]}},{"type":"Feature","id":"4204608037","properties":{"id":"4204608037","name":"Cristo Redentor","city":"Criciúma","cityCode":"4204608"},"geometry":{"type":"Polygon","coordinates":[[[-49.33786,-28.69776],[-49.3376,-28.69774],[-49.33725,-28.69772],[-49.3355,-28.6977],[-49.33493,-28.69777],[-49.33483,-28.69783],[-49.33433,-28.69786],[-49.33236,-28.69788],[-49.33228,-28.69942],[-49.33232,-28.70089],[-49.332,-28.70406],[-49.332,-28.70413],[-49.33208,-28.70768],[-49.33209,-28.70813],[-49.33209,-28.70824],[-49.332,-28.70857],[-49.33198,-28.70868],[-49.33168,-28.7101],[-49.33151,-28.71046],[-49.33111,-28.71104],[-49.3309,-28.71165],[-49.33082,-28.71227],[-49.33076,-28.71254],[-49.33075,-28.71277],[-49.33087,-28.7129],[-49.33093,-28.71315],[-49.33093,-28.71317],[-49.33107,-28.71375],[-49.33119,-28.71487],[-49.33123,-28.7153],[-49.33126,-28.71553],[-49.33132,-28.71607],[-49.33133,-28.71645],[-49.33132,-28.71699],[-49.33129,-28.71745],[-49.33129,-28.71763],[-49.33134,-28.71764],[-49.33252,-28.71768],[-49.33391,-28.71774],[-49.33403,-28.71774],[-49.33484,-28.71778],[-49.33617,-28.71781],[-49.3377,-28.71788],[-49.33849,-28.71793],[-49.33935,-28.71796],[-49.34086,-28.71801],[-49.34201,-28.71805],[-49.34268,-28.71811],[-49.34328,-28.71807],[-49.34372,-28.71801],[-49.34382,-28.71794],[-49.34393,-28.71781],[-49.34395,-28.71759],[-49.34395,-28.71716],[-49.34395,-28.71675],[-49.34396,-28.71659],[-49.34399,-28.71645],[-49.34405,-28.71628],[-49.34408,-28.71616],[-49.34416,-28.71587],[-49.34413,-28.7154],[-49.34413,-28.71497],[-49.34412,-28.7145],[-49.34413,-28.71388],[-49.34416,-28.7134],[-49.34418,-28.71309],[-49.34415,-28.71267],[-49.34418,-28.71204],[-49.34419,-28.71161],[-49.34418,-28.71128],[-49.34414,-28.70996],[-49.34415,-28.70859],[-49.34415,-28.7078],[-49.34415,-28.70713],[-49.34417,-28.70606],[-49.34418,-28.70518],[-49.3442,-28.70347],[-49.34421,-28.70286],[-49.34419,-28.70222],[-49.34422,-28.70172],[-49.34426,-28.70138],[-49.3443,-28.70115],[-49.34437,-28.7008],[-49.34441,-28.70068],[-49.34457,-28.7002],[-49.34465,-28.7],[-49.34482,-28.69964],[-49.34495,-28.6992],[-49.34502,-28.69871],[-49.34506,-28.69846],[-49.34507,-28.69806],[-49.34507,-28.69795],[-49.34507,-28.69792],[-49.34507,-28.69785],[-49.34503,-28.69785],[-49.34456,-28.69785],[-49.34439,-28.69784],[-49.34425,-28.69784],[-49.34398,-28.69784],[-49.3437,-28.69783],[-49.3434,-28.69783],[-49.3434,-28.69786],[-49.3434,-28.69789],[-49.3434,-28.69793],[-49.34242,-28.69792],[-49.34132,-28.69791],[-49.34046,-28.6979],[-49.34023,-28.69791],[-49.34003,-28.69796],[-49.33985,-28.69802],[-49.3397,-28.69807],[-49.33945,-28.69816],[-49.33917,-28.69817],[-49.33895,-28.69815],[-49.33876,-28.69808],[-49.33849,-28.69792],[-49.33826,-28.69783],[-49.33809,-28.69779],[-49.33786,-28.69776]]]}},{"type":"Feature","id":"4204608010","properties":{"id":"4204608010","name":"Nossa Senhora da Salete","city":"Criciúma","cityCode":"4204608"},"geometry":{"type":"Polygon","coordinates":[[[-49.3326,-28.68719],[-49.33247,-28.68718],[-49.33247,-28.68722],[-49.3324,-28.68989],[-49.33227,-28.69217],[-49.3323,-28.69245],[-49.3324,-28.69714],[-49.33236,-28.69788],[-49.33433,-28.69786],[-49.33483,-28.69783],[-49.33493,-28.69777],[-49.3355,-28.6977],[-49.33725,-28.69772],[-49.3376,-28.69774],[-49.33786,-28.69776],[-49.33809,-28.69779],[-49.33826,-28.69783],[-49.33849,-28.69792],[-49.33876,-28.69808],[-49.33895,-28.69815],[-49.33917,-28.69817],[-49.33945,-28.69816],[-49.3397,-28.69807],[-49.33985,-28.69802],[-49.34003,-28.69796],[-49.34023,-28.69791],[-49.34046,-28.6979],[-49.34132,-28.69791],[-49.34242,-28.69792],[-49.3434,-28.69793],[-49.3434,-28.69789],[-49.3434,-28.69786],[-49.3434,-28.69783],[-49.34339,-28.69708],[-49.3434,-28.69646],[-49.34341,-28.69581],[-49.34341,-28.69575],[-49.34344,-28.69495],[-49.34346,-28.69424],[-49.34348,-28.6936],[-49.3435,-28.69294],[-49.34353,-28.69229],[-49.34354,-28.69165],[-49.34355,-28.69103],[-49.34357,-28.68925],[-49.34375,-28.68925],[-49.34365,-28.68902],[-49.34362,-28.68881],[-49.34367,-28.68847],[-49.34368,-28.68778],[-49.34332,-28.68774],[-49.34317,-28.68765],[-49.34302,-28.68752],[-49.34287,-28.68743],[-49.34284,-28.68741],[-49.34277,-28.68739],[-49.34272,-28.68737],[-49.34303,-28.68676],[-49.34321,-28.68642],[-49.34369,-28.68546],[-49.34387,-28.68514],[-49.34405,-28.68478],[-49.34335,-28.68453],[-49.34339,-28.68444],[-49.3428,-28.68448],[-49.34266,-28.6845],[-49.3426,-28.68453],[-49.34208,-28.68453],[-49.34209,-28.68316],[-49.34211,-28.68205],[-49.34211,-28.68091],[-49.34212,-28.68015],[-49.34216,-28.68],[-49.34197,-28.6799],[-49.34182,-28.67984],[-49.34126,-28.67961],[-49.34106,-28.67953],[-49.34079,-28.67942],[-49.34036,-28.67923],[-49.34007,-28.67914],[-49.33952,-28.67896],[-49.33859,-28.67866],[-49.33846,-28.67865],[-49.33806,-28.67875],[-49.33774,-28.67886],[-49.33739,-28.67896],[-49.33674,-28.67917],[-49.3363,-28.6793],[-49.33595,-28.67936],[-49.3355,-28.67938],[-49.33518,-28.67939],[-49.33468,-28.67941],[-49.33435,-28.6794],[-49.33391,-28.67935],[-49.33355,-28.67932],[-49.3327,-28.67924],[-49.33258,-28.67923],[-49.33256,-28.67919],[-49.33263,-28.68342],[-49.33258,-28.68358],[-49.33255,-28.68367],[-49.33256,-28.68372],[-49.33261,-28.68479],[-49.3326,-28.68716],[-49.3326,-28.68717],[-49.3326,-28.68719]]]}},{"type":"Feature","id":"4204608040","properties":{"id":"4204608040","name":"Renascer","city":"Criciúma","cityCode":"4204608"},"geometry":{"type":"Polygon","coordinates":[[[-49.36237,-28.71367],[-49.36236,-28.71358],[-49.36239,-28.71321],[-49.3624,-28.71315],[-49.36244,-28.71196],[-49.36246,-28.71121],[-49.36247,-28.71076],[-49.36249,-28.71014],[-49.3625,-28.70965],[-49.36266,-28.70966],[-49.36285,-28.70967],[-49.36316,-28.70971],[-49.36337,-28.70973],[-49.36363,-28.70972],[-49.36413,-28.70965],[-49.36497,-28.70953],[-49.36531,-28.70948],[-49.36566,-28.70938],[-49.36593,-28.70931],[-49.36625,-28.70926],[-49.36689,-28.70924],[-49.36756,-28.70923],[-49.36801,-28.70917],[-49.36866,-28.709],[-49.36875,-28.70891],[-49.36883,-28.70868],[-49.36882,-28.70786],[-49.36877,-28.70789],[-49.36842,-28.70811],[-49.36804,-28.70828],[-49.36762,-28.70843],[-49.36709,-28.70858],[-49.3665,-28.7087],[-49.36572,-28.7088],[-49.365,-28.70889],[-49.3643,-28.70898],[-49.36358,-28.70907],[-49.36262,-28.70921],[-49.36182,-28.70932],[-49.36081,-28.70944],[-49.3603,-28.70951],[-49.35944,-28.70962],[-49.35905,-28.70967],[-49.35899,-28.70968],[-49.35909,-28.70976],[-49.35929,-28.70988],[-49.35949,-28.70994],[-49.35963,-28.71005],[-49.35978,-28.7102],[-49.35969,-28.71029],[-49.35946,-28.71058],[-49.35935,-28.71085],[-49.35934,-28.71105],[-49.35934,-28.71122],[-49.3593,-28.71227],[-49.35929,-28.7128],[-49.35918,-28.71281],[-49.35918,-28.71285],[-49.35917,-28.71294],[-49.35916,-28.71318],[-49.35916,-28.71322],[-49.35916,-28.7134],[-49.35915,-28.71372],[-49.35911,-28.71475],[-49.35911,-28.71479],[-49.35893,-28.71864],[-49.35892,-28.71869],[-49.35936,-28.71871],[-49.36019,-28.71873],[-49.36033,-28.71874],[-49.36182,-28.71879],[-49.36215,-28.7188],[-49.36256,-28.71881],[-49.36256,-28.71881],[-49.36271,-28.71427],[-49.36263,-28.71417],[-49.36255,-28.71411],[-49.36243,-28.71395],[-49.36237,-28.71367]]]}},{"type":"Feature","id":"4204608072","properties":{"id":"4204608072","name":"Vila Selinger","city":"Criciúma","cityCode":"4204608"},"geometry":{"type":"Polygon","coordinates":[[[-49.28902,-28.67052],[-49.28903,-28.66703],[-49.26492,-28.66684],[-49.26496,-28.67602],[-49.26509,-28.67615],[-49.26634,-28.67695],[-49.26663,-28.677],[-49.26707,-28.67695],[-49.26755,-28.67678],[-49.26778,-28.67678],[-49.26805,-28.67683],[-49.2697,-28.67772],[-49.27439,-28.6801],[-49.27474,-28.68015],[-49.27501,-28.6801],[-49.2756,-28.67978],[-49.27629,-28.6795],[-49.27695,-28.67942],[-49.27697,-28.67942],[-49.27881,-28.67941],[-49.28194,-28.68014],[-49.28343,-28.68032],[-49.28548,-28.68049],[-49.28627,-28.68043],[-49.2868,-28.68028],[-49.28787,-28.67974],[-49.28846,-28.67948],[-49.28883,-28.67943],[-49.28887,-28.67943],[-49.28902,-28.67052]]]}},{"type":"Feature","id":"4204608001","properties":{"id":"4204608001","name":"Universitário","city":"Criciúma","cityCode":"4204608"},"geometry":{"type":"Polygon","coordinates":[[[-49.40558,-28.69924],[-49.40501,-28.69894],[-49.40439,-28.69861],[-49.40383,-28.69831],[-49.40363,-28.69822],[-49.40313,-28.69814],[-49.40195,-28.69814],[-49.40195,-28.69814],[-49.39992,-28.69822],[-49.39974,-28.69822],[-49.39984,-28.69831],[-49.40067,-28.69904],[-49.40073,-28.6991],[-49.40158,-28.69995],[-49.40255,-28.70075],[-49.40282,-28.70102],[-49.40301,-28.70119],[-49.40326,-28.70143],[-49.40339,-28.70155],[-49.40397,-28.70218],[-49.40429,-28.70264],[-49.40448,-28.70299],[-49.40457,-28.70317],[-49.40484,-28.70383],[-49.40488,-28.704],[-49.40489,-28.70404],[-49.4049,-28.70408],[-49.40495,-28.70425],[-49.40495,-28.70429],[-49.40497,-28.70436],[-49.40498,-28.70441],[-49.40498,-28.70442],[-49.40502,-28.70462],[-49.40504,-28.70537],[-49.40502,-28.70561],[-49.40515,-28.70562],[-49.40519,-28.70562],[-49.4053,-28.70564],[-49.40595,-28.7063],[-49.40649,-28.70679],[-49.40681,-28.70698],[-49.40709,-28.70706],[-49.40783,-28.70711],[-49.40849,-28.70715],[-49.40948,-28.70729],[-49.41043,-28.70745],[-49.41159,-28.70765],[-49.41228,-28.70776],[-49.4132,-28.70781],[-49.41385,-28.70783],[-49.41439,-28.70787],[-49.41477,-28.70794],[-49.41541,-28.70797],[-49.41576,-28.70796],[-49.41568,-28.70752],[-49.42003,-28.70769],[-49.42,-28.7076],[-49.41998,-28.70751],[-49.41991,-28.70734],[-49.41987,-28.70724],[-49.41984,-28.70716],[-49.4198,-28.70704],[-49.41979,-28.70697],[-49.41978,-28.70685],[-49.41979,-28.70681],[-49.41982,-28.70665],[-49.41983,-28.70662],[-49.41985,-28.70659],[-49.41988,-28.70653],[-49.41991,-28.70649],[-49.41998,-28.70642],[-49.42001,-28.70638],[-49.42004,-28.70633],[-49.42006,-28.70628],[-49.42006,-28.70625],[-49.42007,-28.7062],[-49.42005,-28.70614],[-49.41999,-28.70604],[-49.41988,-28.70569],[-49.4198,-28.70538],[-49.41976,-28.70482],[-49.41975,-28.70457],[-49.41973,-28.70446],[-49.41967,-28.7043],[-49.41953,-28.7041],[-49.41915,-28.70357],[-49.41907,-28.70346],[-49.419,-28.70337],[-49.41882,-28.70326],[-49.41874,-28.70321],[-49.41859,-28.70313],[-49.4184,-28.70304],[-49.41827,-28.70296],[-49.41817,-28.7029],[-49.4181,-28.70283],[-49.41796,-28.70267],[-49.41793,-28.70262],[-49.41789,-28.70256],[-49.41785,-28.7025],[-49.41782,-28.70245],[-49.41774,-28.70237],[-49.4177,-28.70231],[-49.41766,-28.70219],[-49.41764,-28.70204],[-49.4176,-28.70179],[-49.41754,-28.70168],[-49.41751,-28.70163],[-49.4175,-28.70159],[-49.41543,-28.70142],[-49.41431,-28.70132],[-49.41304,-28.70121],[-49.41214,-28.70112],[-49.41196,-28.7011],[-49.41173,-28.70108],[-49.41125,-28.70101],[-49.4107,-28.70088],[-49.41037,-28.7008],[-49.41016,-28.70072],[-49.4099,-28.70051],[-49.40984,-28.70042],[-49.40972,-28.70025],[-49.40949,-28.7],[-49.40929,-28.69982],[-49.40897,-28.69975],[-49.40876,-28.6997],[-49.40818,-28.69959],[-49.40802,-28.69959],[-49.40783,-28.69961],[-49.40763,-28.69974],[-49.4074,-28.69995],[-49.40724,-28.70004],[-49.40707,-28.70002],[-49.40672,-28.69983],[-49.40651,-28.69972],[-49.40612,-28.69954],[-49.40558,-28.69924]]]}},{"type":"Feature","id":"4204608073","properties":{"id":"4204608073","name":"Coloninha Zilli","city":"Criciúma","cityCode":"4204608"},"geometry":{"type":"Polygon","coordinates":[[[-49.39506,-28.65815],[-49.39468,-28.65802],[-49.39433,-28.65793],[-49.39384,-28.65786],[-49.39348,-28.65786],[-49.393,-28.65787],[-49.39293,-28.65788],[-49.39284,-28.6579],[-49.39277,-28.65793],[-49.39268,-28.658],[-49.39245,-28.65815],[-49.39224,-28.65824],[-49.39179,-28.65847],[-49.39154,-28.6586],[-49.39129,-28.65873],[-49.39164,-28.65903],[-49.39561,-28.66252],[-49.39563,-28.66263],[-49.3956,-28.6628],[-49.39542,-28.6632],[-49.39534,-28.66332],[-49.39547,-28.66326],[-49.39565,-28.66314],[-49.39594,-28.66298],[-49.39616,-28.66289],[-49.39629,-28.66292],[-49.39682,-28.66309],[-49.39693,-28.6631],[-49.3973,-28.66304],[-49.39781,-28.66297],[-49.39806,-28.66297],[-49.39845,-28.66306],[-49.39891,-28.66312],[-49.3989,-28.66309],[-49.39875,-28.66188],[-49.39876,-28.66185],[-49.39875,-28.66183],[-49.39869,-28.6612],[-49.39868,-28.66115],[-49.39866,-28.66111],[-49.39761,-28.65233],[-49.39684,-28.65186],[-49.39645,-28.6517],[-49.39623,-28.65166],[-49.39448,-28.65167],[-49.39373,-28.65166],[-49.39337,-28.65159],[-49.39302,-28.65137],[-49.3927,-28.6511],[-49.39251,-28.65121],[-49.39247,-28.65137],[-49.39247,-28.65144],[-49.3926,-28.65149],[-49.3932,-28.65177],[-49.39358,-28.65203],[-49.39389,-28.65237],[-49.39409,-28.65271],[-49.39428,-28.65336],[-49.3943,-28.65423],[-49.39429,-28.65531],[-49.39432,-28.65613],[-49.39438,-28.65682],[-49.39448,-28.65726],[-49.39464,-28.65759],[-49.39506,-28.65815]]]}},{"type":"Feature","id":"4204608519","properties":{"id":"4204608519","name":"Capão Bonito","city":"Criciúma","cityCode":"4204608"},"geometry":{"type":"Polygon","coordinates":[[[-49.40862,-28.75731],[-49.40875,-28.75461],[-49.40887,-28.75391],[-49.40894,-28.75367],[-49.40925,-28.75289],[-49.40976,-28.75163],[-49.39017,-28.75104],[-49.38223,-28.7508],[-49.38227,-28.75129],[-49.38231,-28.75314],[-49.38137,-28.75638],[-49.38115,-28.75699],[-49.37795,-28.76085],[-49.37763,-28.76115],[-49.37735,-28.76141],[-49.37649,-28.76249],[-49.37629,-28.77057],[-49.37854,-28.77065],[-49.37965,-28.77066],[-49.39075,-28.77075],[-49.39774,-28.77092],[-49.39755,-28.77495],[-49.39751,-28.77627],[-49.3975,-28.77664],[-49.39712,-28.78269],[-49.39697,-28.78464],[-49.39697,-28.78468],[-49.39906,-28.78475],[-49.40145,-28.78486],[-49.40727,-28.78509],[-49.40768,-28.78512],[-49.41066,-28.78523],[-49.41232,-28.7853],[-49.41269,-28.78079],[-49.41292,-28.77711],[-49.41297,-28.77542],[-49.41299,-28.77507],[-49.41586,-28.77509],[-49.41593,-28.77141],[-49.41852,-28.77155],[-49.41875,-28.76696],[-49.41613,-28.76689],[-49.41623,-28.76475],[-49.41633,-28.76222],[-49.4165,-28.76032],[-49.41648,-28.75991],[-49.41365,-28.75987],[-49.41368,-28.7575],[-49.4134,-28.75749],[-49.40862,-28.75731]]]}},{"type":"Feature","id":"4204608015","properties":{"id":"4204608015","name":"Pio Corrêa","city":"Criciúma","cityCode":"4204608"},"geometry":{"type":"Polygon","coordinates":[[[-49.36201,-28.67851],[-49.36246,-28.67847],[-49.36247,-28.67833],[-49.36264,-28.67815],[-49.36279,-28.67801],[-49.3636,-28.67728],[-49.36438,-28.67657],[-49.36482,-28.67617],[-49.36571,-28.67535],[-49.36504,-28.67474],[-49.36482,-28.67449],[-49.36442,-28.67391],[-49.36415,-28.67349],[-49.36378,-28.67282],[-49.3637,-28.67266],[-49.36305,-28.67145],[-49.36275,-28.6709],[-49.36155,-28.67093],[-49.36045,-28.67092],[-49.35981,-28.67094],[-49.35937,-28.67093],[-49.35899,-28.67093],[-49.35819,-28.67092],[-49.35806,-28.67092],[-49.35807,-28.67106],[-49.35612,-28.67109],[-49.35612,-28.67145],[-49.35612,-28.67165],[-49.35613,-28.67168],[-49.35612,-28.67171],[-49.35612,-28.67234],[-49.35612,-28.67238],[-49.35618,-28.67302],[-49.35619,-28.67316],[-49.35619,-28.67345],[-49.35619,-28.67377],[-49.35615,-28.67377],[-49.35617,-28.67411],[-49.35618,-28.67422],[-49.35619,-28.67485],[-49.35621,-28.67495],[-49.3562,-28.67588],[-49.35621,-28.67648],[-49.35621,-28.67666],[-49.3562,-28.67734],[-49.35619,-28.67745],[-49.3562,-28.67748],[-49.3562,-28.67754],[-49.35621,-28.67759],[-49.3566,-28.67758],[-49.35689,-28.6776],[-49.35714,-28.67764],[-49.35739,-28.6777],[-49.35765,-28.67777],[-49.35782,-28.67782],[-49.35814,-28.67794],[-49.35854,-28.67811],[-49.35889,-28.67826],[-49.35925,-28.67843],[-49.3596,-28.67862],[-49.35985,-28.67866],[-49.36006,-28.67868],[-49.36029,-28.67867],[-49.36105,-28.67861],[-49.3616,-28.67855],[-49.36201,-28.67851]]]}},{"type":"Feature","id":"4204608068","properties":{"id":"4204608068","name":"São Roque","city":"Criciúma","cityCode":"4204608"},"geometry":{"type":"Polygon","coordinates":[[[-49.41269,-28.78079],[-49.41232,-28.7853],[-49.41265,-28.78532],[-49.41463,-28.78539],[-49.41663,-28.78549],[-49.41859,-28.78555],[-49.4207,-28.7856],[-49.42059,-28.78577],[-49.41999,-28.78654],[-49.41984,-28.78674],[-49.41973,-28.78701],[-49.41966,-28.78726],[-49.41963,-28.78758],[-49.41996,-28.78758],[-49.41992,-28.78754],[-49.41989,-28.78746],[-49.41988,-28.78742],[-49.41987,-28.78735],[-49.41987,-28.7873],[-49.41989,-28.78722],[-49.41993,-28.78716],[-49.41997,-28.7871],[-49.42001,-28.78705],[-49.42009,-28.787],[-49.42017,-28.78697],[-49.42027,-28.78694],[-49.4204,-28.78691],[-49.42054,-28.78687],[-49.42067,-28.78684],[-49.42085,-28.78678],[-49.421,-28.78674],[-49.42113,-28.7867],[-49.42126,-28.78666],[-49.42137,-28.78664],[-49.42149,-28.78664],[-49.42162,-28.78664],[-49.42174,-28.78667],[-49.42185,-28.78671],[-49.42193,-28.78677],[-49.42202,-28.78687],[-49.42206,-28.78693],[-49.42212,-28.78698],[-49.42219,-28.78699],[-49.42222,-28.78698],[-49.42227,-28.78697],[-49.42234,-28.78694],[-49.42239,-28.78691],[-49.42247,-28.78685],[-49.42261,-28.78677],[-49.4227,-28.78674],[-49.42279,-28.78672],[-49.4229,-28.7867],[-49.42296,-28.7867],[-49.42302,-28.7867],[-49.42306,-28.78671],[-49.4231,-28.78671],[-49.42314,-28.7867],[-49.42319,-28.78668],[-49.42324,-28.78666],[-49.42329,-28.78662],[-49.42336,-28.78656],[-49.42341,-28.78646],[-49.42345,-28.78635],[-49.42349,-28.78624],[-49.42352,-28.78617],[-49.42359,-28.78604],[-49.42363,-28.78599],[-49.42367,-28.78596],[-49.42372,-28.78594],[-49.42385,-28.78591],[-49.42403,-28.78587],[-49.42409,-28.78585],[-49.42412,-28.78583],[-49.42414,-28.78581],[-49.42415,-28.78579],[-49.42416,-28.78575],[-49.42417,-28.78565],[-49.42417,-28.78559],[-49.42413,-28.78551],[-49.42408,-28.78543],[-49.42402,-28.78536],[-49.42395,-28.78526],[-49.42393,-28.78512],[-49.42391,-28.78498],[-49.42388,-28.78487],[-49.42387,-28.78476],[-49.42385,-28.78464],[-49.42384,-28.78455],[-49.42383,-28.78443],[-49.42382,-28.78432],[-49.42381,-28.78422],[-49.42379,-28.78413],[-49.42378,-28.78402],[-49.42376,-28.7839],[-49.42374,-28.78378],[-49.42372,-28.78366],[-49.42371,-28.78362],[-49.42373,-28.78356],[-49.42376,-28.78352],[-49.42382,-28.78347],[-49.4239,-28.78339],[-49.42397,-28.78331],[-49.42402,-28.7832],[-49.42406,-28.78309],[-49.42409,-28.783],[-49.4241,-28.7829],[-49.42411,-28.78282],[-49.42412,-28.78273],[-49.42414,-28.78265],[-49.42417,-28.78259],[-49.4242,-28.78257],[-49.42423,-28.78255],[-49.42427,-28.78254],[-49.42431,-28.78253],[-49.42434,-28.78253],[-49.42441,-28.78253],[-49.42445,-28.78254],[-49.42448,-28.78255],[-49.42451,-28.78257],[-49.42454,-28.78262],[-49.42456,-28.78269],[-49.42457,-28.78278],[-49.42459,-28.78291],[-49.42459,-28.78296],[-49.42461,-28.78299],[-49.42463,-28.78301],[-49.42465,-28.78301],[-49.42469,-28.78301],[-49.42473,-28.78301],[-49.42478,-28.78298],[-49.42487,-28.78295],[-49.42495,-28.78291],[-49.42504,-28.78281],[-49.4251,-28.78273],[-49.42514,-28.78263],[-49.42517,-28.78251],[-49.42519,-28.7824],[-49.42522,-28.7823],[-49.42526,-28.78223],[-49.42533,-28.78218],[-49.42537,-28.78216],[-49.42542,-28.78215],[-49.42547,-28.78215],[-49.42552,-28.78215],[-49.42555,-28.78216],[-49.42559,-28.78218],[-49.42562,-28.78221],[-49.42566,-28.78227],[-49.4257,-28.78237],[-49.42574,-28.78247],[-49.42576,-28.78257],[-49.42577,-28.78268],[-49.4258,-28.78282],[-49.42585,-28.78293],[-49.4259,-28.78299],[-49.42597,-28.78309],[-49.42604,-28.78314],[-49.42615,-28.78317],[-49.42624,-28.7832],[-49.42638,-28.78324],[-49.42647,-28.78326],[-49.42662,-28.7833],[-49.42674,-28.78334],[-49.42683,-28.78338],[-49.42694,-28.78344],[-49.42697,-28.78345],[-49.42701,-28.78345],[-49.42704,-28.78345],[-49.42708,-28.78344],[-49.4271,-28.78344],[-49.42714,-28.78342],[-49.42722,-28.78336],[-49.42727,-28.78331],[-49.42731,-28.78325],[-49.42736,-28.78316],[-49.42738,-28.78307],[-49.4274,-28.78296],[-49.42741,-28.7829],[-49.42743,-28.78285],[-49.42745,-28.78283],[-49.42746,-28.78281],[-49.42748,-28.78279],[-49.42751,-28.78278],[-49.42753,-28.78277],[-49.42756,-28.78277],[-49.42761,-28.78276],[-49.42765,-28.78276],[-49.4277,-28.78276],[-49.4278,-28.78278],[-49.42789,-28.78279],[-49.42801,-28.78282],[-49.42812,-28.78284],[-49.42816,-28.78285],[-49.42819,-28.78284],[-49.42823,-28.78284],[-49.42827,-28.78282],[-49.42828,-28.7828],[-49.42829,-28.78278],[-49.4283,-28.78275],[-49.4283,-28.78272],[-49.42829,-28.78263],[-49.42827,-28.78254],[-49.42824,-28.78246],[-49.4282,-28.7824],[-49.42814,-28.78231],[-49.4281,-28.78224],[-49.42806,-28.78216],[-49.42801,-28.78205],[-49.42797,-28.78197],[-49.42793,-28.78186],[-49.42791,-28.78175],[-49.42789,-28.78164],[-49.42787,-28.78155],[-49.42788,-28.78147],[-49.4279,-28.78141],[-49.42792,-28.78134],[-49.42793,-28.78124],[-49.42795,-28.78115],[-49.42797,-28.78104],[-49.42798,-28.78094],[-49.42799,-28.78083],[-49.42802,-28.78072],[-49.42804,-28.78064],[-49.42806,-28.78057],[-49.42809,-28.78053],[-49.42812,-28.78049],[-49.42817,-28.78045],[-49.42828,-28.7804],[-49.42837,-28.78036],[-49.42849,-28.78028],[-49.42857,-28.78022],[-49.42859,-28.78019],[-49.42861,-28.78016],[-49.42861,-28.78012],[-49.42859,-28.78008],[-49.42856,-28.78005],[-49.4285,-28.78004],[-49.42842,-28.78003],[-49.4283,-28.78001],[-49.42818,-28.77999],[-49.42808,-28.77998],[-49.42797,-28.77997],[-49.42786,-28.77997],[-49.4277,-28.77996],[-49.42759,-28.77997],[-49.4275,-28.77998],[-49.42745,-28.78],[-49.42741,-28.78002],[-49.42733,-28.78009],[-49.42724,-28.78017],[-49.42717,-28.78024],[-49.42711,-28.78032],[-49.42704,-28.78044],[-49.42698,-28.78055],[-49.4269,-28.78066],[-49.42685,-28.78074],[-49.4268,-28.78075],[-49.42674,-28.78076],[-49.42668,-28.78076],[-49.42664,-28.78075],[-49.42661,-28.78073],[-49.42658,-28.7807],[-49.42657,-28.78067],[-49.42656,-28.78059],[-49.42655,-28.78049],[-49.42655,-28.78042],[-49.42655,-28.78034],[-49.42655,-28.78023],[-49.42655,-28.78017],[-49.42655,-28.78007],[-49.42656,-28.78],[-49.42658,-28.77992],[-49.4266,-28.77982],[-49.42663,-28.77973],[-49.42666,-28.77965],[-49.42671,-28.77954],[-49.42673,-28.77943],[-49.42673,-28.77933],[-49.42672,-28.77924],[-49.42669,-28.77918],[-49.42663,-28.77913],[-49.42657,-28.77907],[-49.4265,-28.77898],[-49.42642,-28.77889],[-49.42636,-28.77878],[-49.42634,-28.7787],[-49.42634,-28.77864],[-49.42634,-28.77859],[-49.42636,-28.77853],[-49.42638,-28.77847],[-49.42643,-28.77836],[-49.42648,-28.77826],[-49.42653,-28.77816],[-49.42659,-28.77808],[-49.42665,-28.77802],[-49.42668,-28.77799],[-49.42677,-28.77796],[-49.42692,-28.77794],[-49.42713,-28.77793],[-49.42732,-28.77791],[-49.42737,-28.7779],[-49.42742,-28.77789],[-49.42746,-28.77786],[-49.42749,-28.77783],[-49.42752,-28.77779],[-49.42753,-28.77774],[-49.42753,-28.77762],[-49.42751,-28.77752],[-49.42748,-28.7774],[-49.42745,-28.77729],[-49.42742,-28.77711],[-49.42741,-28.77697],[-49.42738,-28.77682],[-49.42735,-28.7767],[-49.42733,-28.7766],[-49.4273,-28.77646],[-49.42729,-28.77635],[-49.42729,-28.77629],[-49.4273,-28.77617],[-49.42733,-28.77607],[-49.42734,-28.77597],[-49.42734,-28.77589],[-49.42734,-28.77582],[-49.42736,-28.77571],[-49.42737,-28.77567],[-49.4274,-28.77563],[-49.42742,-28.77561],[-49.42746,-28.7756],[-49.4275,-28.7756],[-49.42756,-28.77561],[-49.42762,-28.77562],[-49.42769,-28.77563],[-49.42782,-28.77564],[-49.42798,-28.77565],[-49.42817,-28.77566],[-49.42837,-28.77565],[-49.42849,-28.77564],[-49.42862,-28.77563],[-49.42871,-28.7756],[-49.42881,-28.77556],[-49.42894,-28.77549],[-49.42908,-28.77542],[-49.42922,-28.77533],[-49.42935,-28.77526],[-49.42941,-28.77519],[-49.42946,-28.77514],[-49.42951,-28.77505],[-49.42958,-28.77494],[-49.42966,-28.77481],[-49.42974,-28.77466],[-49.42979,-28.77458],[-49.42986,-28.77453],[-49.43001,-28.77441],[-49.43014,-28.77429],[-49.43021,-28.77423],[-49.43028,-28.77413],[-49.43031,-28.77402],[-49.4303,-28.77398],[-49.43029,-28.77395],[-49.43024,-28.77389],[-49.43017,-28.77385],[-49.4301,-28.77383],[-49.42999,-28.77383],[-49.42989,-28.77383],[-49.4298,-28.77384],[-49.42975,-28.77386],[-49.42964,-28.77387],[-49.42958,-28.77387],[-49.42954,-28.77386],[-49.4295,-28.77385],[-49.42947,-28.77381],[-49.42947,-28.77379],[-49.42946,-28.77368],[-49.42946,-28.77362],[-49.4295,-28.77355],[-49.42954,-28.77351],[-49.42966,-28.77339],[-49.42981,-28.77326],[-49.42992,-28.77315],[-49.42998,-28.77308],[-49.43002,-28.77305],[-49.43008,-28.77303],[-49.43016,-28.77304],[-49.43024,-28.77304],[-49.43037,-28.77306],[-49.43044,-28.77306],[-49.43049,-28.77306],[-49.43054,-28.77306],[-49.43056,-28.77304],[-49.43059,-28.77301],[-49.43061,-28.77297],[-49.43061,-28.77291],[-49.43061,-28.77279],[-49.43059,-28.77266],[-49.43055,-28.77248],[-49.43052,-28.77232],[-49.43051,-28.77216],[-49.43052,-28.77201],[-49.43054,-28.77181],[-49.43056,-28.77165],[-49.43057,-28.7715],[-49.43059,-28.77135],[-49.43061,-28.7712],[-49.43063,-28.77107],[-49.43064,-28.77094],[-49.43065,-28.77086],[-49.43068,-28.77078],[-49.4307,-28.77074],[-49.43073,-28.77071],[-49.43076,-28.77068],[-49.43078,-28.77066],[-49.43081,-28.77066],[-49.43088,-28.77066],[-49.43098,-28.77069],[-49.43113,-28.77075],[-49.4313,-28.77083],[-49.43146,-28.77091],[-49.4316,-28.77096],[-49.43173,-28.77101],[-49.43183,-28.77102],[-49.43194,-28.77103],[-49.43211,-28.77102],[-49.43221,-28.77102],[-49.43226,-28.77101],[-49.4323,-28.77101],[-49.43234,-28.771],[-49.43237,-28.77099],[-49.4324,-28.77098],[-49.43241,-28.77096],[-49.43242,-28.77093],[-49.43243,-28.77092],[-49.43243,-28.77083],[-49.43245,-28.77074],[-49.43247,-28.77059],[-49.43251,-28.77047],[-49.43253,-28.77035],[-49.43256,-28.77025],[-49.43258,-28.77013],[-49.43261,-28.77003],[-49.43264,-28.76993],[-49.43266,-28.76984],[-49.43267,-28.76978],[-49.43271,-28.76973],[-49.43276,-28.76964],[-49.43281,-28.76957],[-49.43293,-28.76943],[-49.43303,-28.76933],[-49.43311,-28.76921],[-49.43321,-28.76911],[-49.43332,-28.76902],[-49.43342,-28.76895],[-49.43351,-28.76889],[-49.43363,-28.76884],[-49.43375,-28.7688],[-49.43389,-28.76876],[-49.43398,-28.76874],[-49.43412,-28.76873],[-49.43421,-28.76873],[-49.43433,-28.76873],[-49.43445,-28.76872],[-49.43462,-28.7687],[-49.43477,-28.76868],[-49.43489,-28.76867],[-49.435,-28.76864],[-49.43515,-28.76859],[-49.43527,-28.76854],[-49.43544,-28.76847],[-49.43561,-28.76839],[-49.43575,-28.76831],[-49.43586,-28.76822],[-49.43598,-28.7681],[-49.43603,-28.76801],[-49.43603,-28.76796],[-49.43602,-28.76791],[-49.436,-28.76787],[-49.43595,-28.76781],[-49.43588,-28.76773],[-49.43581,-28.76766],[-49.43572,-28.76757],[-49.43558,-28.76745],[-49.43546,-28.76737],[-49.43531,-28.7673],[-49.4352,-28.76725],[-49.43506,-28.76721],[-49.43501,-28.7672],[-49.43495,-28.7672],[-49.43491,-28.7672],[-49.43487,-28.7672],[-49.43483,-28.76721],[-49.4348,-28.76724],[-49.43472,-28.76731],[-49.43463,-28.76738],[-49.4345,-28.76748],[-49.43431,-28.76759],[-49.43406,-28.76769],[-49.43381,-28.76777],[-49.4336,-28.76786],[-49.43344,-28.7679],[-49.43323,-28.76796],[-49.43302,-28.76803],[-49.43287,-28.76804],[-49.43277,-28.76804],[-49.43271,-28.76802],[-49.43262,-28.76795],[-49.43254,-28.76785],[-49.43245,-28.76775],[-49.43236,-28.76761],[-49.43227,-28.76749],[-49.43215,-28.76733],[-49.432,-28.76716],[-49.43185,-28.767],[-49.43171,-28.76685],[-49.43161,-28.76672],[-49.4315,-28.76659],[-49.43142,-28.76651],[-49.43135,-28.76642],[-49.43125,-28.7663],[-49.4312,-28.76622],[-49.43116,-28.76611],[-49.43116,-28.76601],[-49.43117,-28.76593],[-49.43118,-28.76588],[-49.43122,-28.76579],[-49.43125,-28.76576],[-49.43127,-28.76575],[-49.43129,-28.76574],[-49.43131,-28.76574],[-49.43134,-28.76574],[-49.43136,-28.76574],[-49.43138,-28.76575],[-49.43139,-28.76578],[-49.43141,-28.76586],[-49.43141,-28.76597],[-49.43141,-28.76611],[-49.43141,-28.7662],[-49.43142,-28.76623],[-49.43143,-28.76624],[-49.43145,-28.76625],[-49.43148,-28.76626],[-49.43151,-28.76626],[-49.43153,-28.76626],[-49.43155,-28.76625],[-49.43157,-28.76624],[-49.4316,-28.76621],[-49.43163,-28.76618],[-49.43167,-28.76611],[-49.43172,-28.76606],[-49.43176,-28.76603],[-49.43179,-28.76601],[-49.43181,-28.766],[-49.43184,-28.766],[-49.43186,-28.766],[-49.43189,-28.76601],[-49.43191,-28.76602],[-49.43196,-28.76605],[-49.432,-28.76609],[-49.43212,-28.76617],[-49.43225,-28.76623],[-49.4324,-28.76627],[-49.43251,-28.76628],[-49.43265,-28.7663],[-49.43284,-28.76631],[-49.43293,-28.76631],[-49.43306,-28.76631],[-49.4332,-28.7663],[-49.4333,-28.76629],[-49.43337,-28.76628],[-49.43346,-28.76625],[-49.43355,-28.76622],[-49.43365,-28.76616],[-49.43379,-28.76611],[-49.43388,-28.76608],[-49.43401,-28.76605],[-49.43429,-28.76598],[-49.43444,-28.76594],[-49.43457,-28.7659],[-49.43468,-28.76587],[-49.4348,-28.76582],[-49.43493,-28.76575],[-49.435,-28.76569],[-49.43509,-28.7656],[-49.43514,-28.76553],[-49.43518,-28.76545],[-49.43522,-28.76536],[-49.43523,-28.76526],[-49.43523,-28.76517],[-49.43521,-28.7651],[-49.43517,-28.76504],[-49.4351,-28.76497],[-49.43501,-28.76491],[-49.43493,-28.76486],[-49.43486,-28.76479],[-49.43478,-28.76471],[-49.43472,-28.76465],[-49.43469,-28.76461],[-49.43465,-28.76459],[-49.43463,-28.76458],[-49.4346,-28.76458],[-49.43456,-28.76458],[-49.43453,-28.76458],[-49.4345,-28.76458],[-49.43436,-28.76461],[-49.43417,-28.76464],[-49.43395,-28.76468],[-49.43374,-28.76472],[-49.43357,-28.76475],[-49.43343,-28.76477],[-49.43338,-28.76477],[-49.4333,-28.76476],[-49.4332,-28.76473],[-49.4331,-28.76469],[-49.43294,-28.76463],[-49.43278,-28.76457],[-49.43266,-28.7645],[-49.43255,-28.76443],[-49.43241,-28.76435],[-49.43231,-28.76428],[-49.43222,-28.76421],[-49.43217,-28.76414],[-49.43214,-28.76409],[-49.43213,-28.76406],[-49.43213,-28.76402],[-49.43213,-28.76399],[-49.43214,-28.76396],[-49.43216,-28.76394],[-49.4322,-28.7639],[-49.43228,-28.76383],[-49.43237,-28.76377],[-49.43251,-28.76366],[-49.43264,-28.76355],[-49.43273,-28.76347],[-49.43286,-28.76333],[-49.43295,-28.76323],[-49.43303,-28.76313],[-49.43306,-28.76304],[-49.43308,-28.76298],[-49.43308,-28.7629],[-49.43306,-28.76284],[-49.43303,-28.76279],[-49.43298,-28.76274],[-49.43297,-28.76269],[-49.43295,-28.76259],[-49.43296,-28.76248],[-49.43299,-28.76239],[-49.433,-28.7623],[-49.43298,-28.76226],[-49.43294,-28.76223],[-49.43291,-28.76221],[-49.43289,-28.7622],[-49.43285,-28.7622],[-49.43282,-28.76219],[-49.43278,-28.76219],[-49.43276,-28.76219],[-49.4327,-28.76219],[-49.43267,-28.76219],[-49.43264,-28.7622],[-49.43259,-28.76221],[-49.43251,-28.76224],[-49.43237,-28.76227],[-49.4321,-28.7623],[-49.43177,-28.76231],[-49.43144,-28.76229],[-49.4311,-28.76225],[-49.43081,-28.76221],[-49.43052,-28.76216],[-49.43043,-28.76213],[-49.43034,-28.76206],[-49.43025,-28.76196],[-49.43016,-28.76182],[-49.4301,-28.76172],[-49.43006,-28.76152],[-49.43003,-28.76135],[-49.43003,-28.7612],[-49.43002,-28.76106],[-49.43002,-28.76101],[-49.43006,-28.76097],[-49.4301,-28.76095],[-49.43025,-28.76094],[-49.43049,-28.76092],[-49.43076,-28.76092],[-49.43114,-28.76094],[-49.43146,-28.76095],[-49.43166,-28.76098],[-49.4318,-28.76099],[-49.43194,-28.761],[-49.43206,-28.76099],[-49.43219,-28.76097],[-49.43232,-28.76093],[-49.43242,-28.7609],[-49.4325,-28.76085],[-49.43255,-28.7608],[-49.43261,-28.76075],[-49.43269,-28.76066],[-49.43273,-28.76057],[-49.43276,-28.76046],[-49.43275,-28.76032],[-49.43272,-28.7602],[-49.43269,-28.76015],[-49.43263,-28.76007],[-49.43256,-28.76002],[-49.43245,-28.75996],[-49.43227,-28.75986],[-49.43206,-28.75975],[-49.43197,-28.7597],[-49.43185,-28.75963],[-49.4318,-28.75958],[-49.43177,-28.75953],[-49.43175,-28.75947],[-49.43175,-28.75943],[-49.43175,-28.75941],[-49.43176,-28.75938],[-49.43178,-28.75936],[-49.43181,-28.75933],[-49.43186,-28.75929],[-49.43197,-28.75923],[-49.43216,-28.75912],[-49.43235,-28.75901],[-49.43251,-28.75892],[-49.43271,-28.75881],[-49.43287,-28.75869],[-49.43302,-28.75849],[-49.4331,-28.75837],[-49.43314,-28.75831],[-49.43323,-28.75812],[-49.4333,-28.7579],[-49.43335,-28.75772],[-49.43334,-28.75768],[-49.43334,-28.75764],[-49.43333,-28.75762],[-49.43329,-28.7576],[-49.43325,-28.75759],[-49.43319,-28.75758],[-49.43313,-28.75758],[-49.43308,-28.75758],[-49.43302,-28.75759],[-49.43294,-28.75759],[-49.43276,-28.75761],[-49.43253,-28.75763],[-49.43226,-28.75766],[-49.43192,-28.7577],[-49.4316,-28.75773],[-49.43133,-28.75774],[-49.43105,-28.75773],[-49.43081,-28.75771],[-49.43063,-28.75766],[-49.43052,-28.75761],[-49.43042,-28.75751],[-49.43038,-28.75739],[-49.43038,-28.75726],[-49.43039,-28.75716],[-49.43049,-28.75701],[-49.43058,-28.75687],[-49.43067,-28.75674],[-49.43076,-28.75659],[-49.4309,-28.75645],[-49.43108,-28.75636],[-49.43126,-28.75629],[-49.43153,-28.75622],[-49.43184,-28.75617],[-49.43205,-28.75612],[-49.43222,-28.75608],[-49.43242,-28.75603],[-49.43262,-28.75596],[-49.43277,-28.75587],[-49.43294,-28.75575],[-49.43303,-28.75561],[-49.43308,-28.75549],[-49.43308,-28.75535],[-49.43306,-28.75525],[-49.43303,-28.7552],[-49.43298,-28.75514],[-49.43289,-28.75509],[-49.43269,-28.75504],[-49.43245,-28.75501],[-49.43226,-28.75499],[-49.43201,-28.75496],[-49.43178,-28.75493],[-49.43154,-28.75491],[-49.43129,-28.75492],[-49.43103,-28.75492],[-49.43087,-28.75495],[-49.43073,-28.75499],[-49.43064,-28.75503],[-49.43056,-28.75508],[-49.43047,-28.75518],[-49.43041,-28.75526],[-49.4303,-28.75542],[-49.43022,-28.75548],[-49.43013,-28.75553],[-49.43007,-28.75556],[-49.42998,-28.7556],[-49.42989,-28.75564],[-49.42979,-28.75568],[-49.42966,-28.75577],[-49.4296,-28.75583],[-49.42926,-28.75615],[-49.42898,-28.75642],[-49.4287,-28.75661],[-49.42832,-28.75683],[-49.42802,-28.75706],[-49.42775,-28.75724],[-49.4276,-28.7573],[-49.42746,-28.75732],[-49.42734,-28.75732],[-49.4272,-28.75731],[-49.42711,-28.75727],[-49.42701,-28.7572],[-49.42689,-28.75708],[-49.42677,-28.75694],[-49.4267,-28.7568],[-49.42667,-28.75671],[-49.42667,-28.75657],[-49.42669,-28.75645],[-49.4267,-28.75634],[-49.42674,-28.75614],[-49.42678,-28.7559],[-49.42677,-28.75571],[-49.42676,-28.75567],[-49.42674,-28.75564],[-49.42673,-28.75561],[-49.42673,-28.7556],[-49.42671,-28.75555],[-49.42671,-28.75544],[-49.42673,-28.75533],[-49.42676,-28.75512],[-49.42682,-28.75494],[-49.42683,-28.7549],[-49.42686,-28.75479],[-49.42694,-28.75467],[-49.42704,-28.75451],[-49.42712,-28.75437],[-49.42716,-28.75424],[-49.4272,-28.754],[-49.4272,-28.75381],[-49.42719,-28.75372],[-49.42711,-28.75362],[-49.42707,-28.7536],[-49.42694,-28.75357],[-49.42685,-28.75357],[-49.42672,-28.75357],[-49.4266,-28.75357],[-49.42643,-28.75357],[-49.42623,-28.75359],[-49.42593,-28.75362],[-49.4257,-28.75363],[-49.42541,-28.75365],[-49.42518,-28.75366],[-49.42495,-28.75368],[-49.42476,-28.75376],[-49.42462,-28.75391],[-49.42455,-28.754],[-49.42441,-28.75417],[-49.42431,-28.75438],[-49.4242,-28.75459],[-49.4241,-28.75478],[-49.42401,-28.75495],[-49.42398,-28.75503],[-49.42393,-28.75508],[-49.42386,-28.75513],[-49.4238,-28.75516],[-49.42374,-28.75519],[-49.4237,-28.7552],[-49.4236,-28.75521],[-49.42354,-28.75521],[-49.42349,-28.75521],[-49.42343,-28.7552],[-49.42334,-28.75519],[-49.42328,-28.75517],[-49.42319,-28.75512],[-49.42308,-28.75503],[-49.42302,-28.75497],[-49.42283,-28.75478],[-49.42268,-28.75459],[-49.42256,-28.75445],[-49.42246,-28.7543],[-49.42237,-28.75418],[-49.4223,-28.75402],[-49.42227,-28.75387],[-49.42225,-28.75372],[-49.42227,-28.75359],[-49.42233,-28.75343],[-49.4224,-28.7533],[-49.42252,-28.7532],[-49.42269,-28.75304],[-49.42281,-28.75291],[-49.42293,-28.75274],[-49.42307,-28.75256],[-49.42315,-28.75244],[-49.42325,-28.75229],[-49.42334,-28.75217],[-49.42341,-28.75208],[-49.42348,-28.75202],[-49.42356,-28.75197],[-49.42369,-28.75192],[-49.42392,-28.75185],[-49.42416,-28.75176],[-49.42435,-28.75169],[-49.42446,-28.75162],[-49.42454,-28.75158],[-49.42464,-28.75146],[-49.42469,-28.75133],[-49.42472,-28.75116],[-49.42473,-28.75099],[-49.42473,-28.75086],[-49.4247,-28.75072],[-49.42461,-28.75061],[-49.42456,-28.75048],[-49.42451,-28.75037],[-49.42449,-28.75028],[-49.42447,-28.75022],[-49.42444,-28.75018],[-49.42441,-28.75016],[-49.42439,-28.75014],[-49.42435,-28.75013],[-49.42431,-28.75011],[-49.42428,-28.75011],[-49.42423,-28.75011],[-49.42419,-28.75011],[-49.42412,-28.75011],[-49.42408,-28.75012],[-49.42405,-28.75013],[-49.42399,-28.75015],[-49.42396,-28.75017],[-49.42394,-28.7502],[-49.4239,-28.75024],[-49.42388,-28.75027],[-49.42381,-28.75038],[-49.42378,-28.75045],[-49.42377,-28.75052],[-49.42377,-28.75057],[-49.42381,-28.75065],[-49.42384,-28.7507],[-49.42389,-28.75074],[-49.42394,-28.75078],[-49.42396,-28.75083],[-49.42397,-28.75088],[-49.42394,-28.75097],[-49.4239,-28.75106],[-49.42384,-28.75115],[-49.42373,-28.75127],[-49.42364,-28.75135],[-49.42354,-28.7514],[-49.42345,-28.75142],[-49.42336,-28.75141],[-49.42325,-28.75139],[-49.42311,-28.75133],[-49.423,-28.75128],[-49.42288,-28.7512],[-49.42272,-28.7511],[-49.42257,-28.75098],[-49.42245,-28.75089],[-49.42231,-28.7508],[-49.42218,-28.75069],[-49.42205,-28.75059],[-49.42186,-28.75047],[-49.4218,-28.75045],[-49.42171,-28.75043],[-49.42164,-28.75043],[-49.42157,-28.75044],[-49.42149,-28.75047],[-49.42143,-28.75051],[-49.42139,-28.75056],[-49.42136,-28.75061],[-49.42134,-28.7507],[-49.42131,-28.7508],[-49.42125,-28.75094],[-49.42113,-28.75107],[-49.42094,-28.75132],[-49.42073,-28.75167],[-49.42051,-28.75195],[-49.4203,-28.75215],[-49.42014,-28.75232],[-49.42,-28.75244],[-49.41987,-28.75248],[-49.41975,-28.75248],[-49.4196,-28.75244],[-49.41936,-28.75238],[-49.41884,-28.75221],[-49.41847,-28.7521],[-49.41826,-28.75201],[-49.41815,-28.75194],[-49.41788,-28.7517],[-49.41769,-28.75153],[-49.41753,-28.75138],[-49.41727,-28.75118],[-49.41704,-28.75098],[-49.41694,-28.75081],[-49.41686,-28.7506],[-49.41678,-28.75038],[-49.41673,-28.7502],[-49.41666,-28.75],[-49.4166,-28.74988],[-49.41647,-28.74971],[-49.41619,-28.74947],[-49.41611,-28.74941],[-49.41595,-28.74931],[-49.41571,-28.74924],[-49.41555,-28.74922],[-49.41545,-28.74922],[-49.41531,-28.74923],[-49.41522,-28.74925],[-49.41514,-28.74929],[-49.41505,-28.74935],[-49.41499,-28.74938],[-49.41493,-28.7494],[-49.41486,-28.74941],[-49.41478,-28.74941],[-49.41471,-28.7494],[-49.41462,-28.74935],[-49.4145,-28.74926],[-49.41444,-28.74919],[-49.41439,-28.74911],[-49.41436,-28.74898],[-49.41436,-28.74889],[-49.4144,-28.74869],[-49.41452,-28.74832],[-49.41454,-28.74812],[-49.41454,-28.74797],[-49.41449,-28.74773],[-49.41432,-28.74735],[-49.41408,-28.74693],[-49.41388,-28.74671],[-49.41373,-28.74661],[-49.41358,-28.74655],[-49.4135,-28.74652],[-49.41337,-28.74642],[-49.41322,-28.74628],[-49.41309,-28.74612],[-49.41305,-28.746],[-49.41293,-28.74568],[-49.41277,-28.74527],[-49.41268,-28.74504],[-49.41255,-28.74483],[-49.41251,-28.74478],[-49.41251,-28.74478],[-49.41249,-28.74475],[-49.41244,-28.74481],[-49.41242,-28.74482],[-49.41241,-28.74484],[-49.4124,-28.74487],[-49.41237,-28.7449],[-49.41235,-28.74493],[-49.41233,-28.74495],[-49.41227,-28.74498],[-49.41224,-28.745],[-49.41215,-28.74503],[-49.41193,-28.74514],[-49.4118,-28.7452],[-49.41148,-28.7454],[-49.41141,-28.74545],[-49.41132,-28.74548],[-49.41126,-28.74549],[-49.41116,-28.7455],[-49.41098,-28.74551],[-49.41066,-28.74559],[-49.41005,-28.7456],[-49.40971,-28.74566],[-49.40958,-28.7457],[-49.40951,-28.74575],[-49.40938,-28.74582],[-49.40927,-28.74588],[-49.40912,-28.74599],[-49.40884,-28.74619],[-49.40863,-28.7464],[-49.40861,-28.74643],[-49.40883,-28.74672],[-49.40915,-28.74705],[-49.40972,-28.74766],[-49.41046,-28.74842],[-49.41059,-28.74873],[-49.41056,-28.7488],[-49.41056,-28.74888],[-49.41057,-28.74896],[-49.41056,-28.74913],[-49.41057,-28.7493],[-49.41052,-28.74963],[-49.41043,-28.74993],[-49.4102,-28.75052],[-49.40976,-28.75163],[-49.40925,-28.75289],[-49.40894,-28.75367],[-49.40887,-28.75391],[-49.40875,-28.75461],[-49.40862,-28.75731],[-49.4134,-28.75749],[-49.41368,-28.7575],[-49.41365,-28.75987],[-49.41648,-28.75991],[-49.4165,-28.76032],[-49.41633,-28.76222],[-49.41623,-28.76475],[-49.41613,-28.76689],[-49.41875,-28.76696],[-49.41852,-28.77155],[-49.41593,-28.77141],[-49.41586,-28.77509],[-49.41299,-28.77507],[-49.41297,-28.77542],[-49.41292,-28.77711],[-49.41269,-28.78079]]]}},{"type":"Feature","id":"4204608003","properties":{"id":"4204608003","name":"Paraíso","city":"Criciúma","cityCode":"4204608"},"geometry":{"type":"Polygon","coordinates":[[[-49.40621,-28.68747],[-49.40621,-28.68743],[-49.4062,-28.68718],[-49.40619,-28.68702],[-49.40618,-28.6869],[-49.40615,-28.68677],[-49.40612,-28.68668],[-49.40607,-28.68655],[-49.40604,-28.6865],[-49.40589,-28.68621],[-49.40585,-28.68616],[-49.40581,-28.68612],[-49.40575,-28.68611],[-49.4056,-28.68604],[-49.40536,-28.68595],[-49.40526,-28.68593],[-49.40516,-28.68593],[-49.4049,-28.68591],[-49.4048,-28.68592],[-49.40473,-28.68593],[-49.40466,-28.68594],[-49.40459,-28.68597],[-49.40437,-28.68608],[-49.40402,-28.68622],[-49.40392,-28.68628],[-49.40371,-28.68638],[-49.40364,-28.68641],[-49.40356,-28.68644],[-49.40335,-28.68654],[-49.40309,-28.68668],[-49.40301,-28.68671],[-49.40289,-28.68675],[-49.40274,-28.6868],[-49.40255,-28.68689],[-49.40221,-28.68702],[-49.40205,-28.6871],[-49.40195,-28.68714],[-49.40183,-28.68721],[-49.4015,-28.68736],[-49.4014,-28.6874],[-49.40117,-28.68749],[-49.40095,-28.68757],[-49.40035,-28.68783],[-49.40015,-28.68793],[-49.40006,-28.68797],[-49.40033,-28.68831],[-49.40036,-28.68834],[-49.40083,-28.68837],[-49.40117,-28.68835],[-49.40126,-28.68833],[-49.40169,-28.68867],[-49.40218,-28.68907],[-49.40278,-28.68957],[-49.40345,-28.69011],[-49.40378,-28.6904],[-49.40404,-28.69067],[-49.40441,-28.69043],[-49.4047,-28.69027],[-49.40501,-28.69009],[-49.40522,-28.68998],[-49.40657,-28.68921],[-49.40668,-28.68917],[-49.40667,-28.68916],[-49.4066,-28.68909],[-49.40658,-28.68906],[-49.40652,-28.68897],[-49.40645,-28.68886],[-49.40643,-28.68881],[-49.40639,-28.68871],[-49.40633,-28.6885],[-49.40632,-28.68846],[-49.40628,-28.68827],[-49.40625,-28.68802],[-49.40623,-28.68782],[-49.40621,-28.68764],[-49.40621,-28.68747]]]}},{"type":"Feature","id":"4204608021","properties":{"id":"4204608021","name":"Cruzeiro do Sul","city":"Criciúma","cityCode":"4204608"},"geometry":{"type":"Polygon","coordinates":[[[-49.36851,-28.67265],[-49.36946,-28.67178],[-49.36997,-28.67129],[-49.37046,-28.67085],[-49.37098,-28.67038],[-49.37149,-28.6699],[-49.3707,-28.66928],[-49.37068,-28.66926],[-49.36822,-28.6673],[-49.36792,-28.66706],[-49.37351,-28.66208],[-49.3733,-28.66189],[-49.37279,-28.66153],[-49.37235,-28.66133],[-49.37079,-28.66094],[-49.36995,-28.66073],[-49.369,-28.66047],[-49.36892,-28.6606],[-49.36882,-28.66072],[-49.3687,-28.6608],[-49.3685,-28.66084],[-49.36747,-28.66085],[-49.367,-28.66085],[-49.36683,-28.66087],[-49.36666,-28.66093],[-49.36649,-28.661],[-49.36591,-28.66124],[-49.36582,-28.66129],[-49.36575,-28.66134],[-49.3657,-28.66143],[-49.36568,-28.66152],[-49.36549,-28.66245],[-49.36547,-28.66257],[-49.3655,-28.66272],[-49.36559,-28.66284],[-49.36566,-28.66292],[-49.36581,-28.663],[-49.36602,-28.66302],[-49.36656,-28.66302],[-49.36741,-28.66304],[-49.36755,-28.66305],[-49.36775,-28.66309],[-49.36809,-28.66323],[-49.36822,-28.66335],[-49.3683,-28.66348],[-49.3684,-28.66376],[-49.3684,-28.6639],[-49.36837,-28.66404],[-49.36831,-28.66412],[-49.36822,-28.6642],[-49.36812,-28.66426],[-49.36802,-28.6643],[-49.3679,-28.66431],[-49.36776,-28.66432],[-49.36738,-28.66433],[-49.36707,-28.66439],[-49.36686,-28.66447],[-49.36679,-28.66455],[-49.36675,-28.66463],[-49.36675,-28.66472],[-49.36687,-28.66525],[-49.36684,-28.66535],[-49.36675,-28.66542],[-49.36664,-28.66544],[-49.36653,-28.66542],[-49.36619,-28.66533],[-49.36607,-28.66531],[-49.36596,-28.66532],[-49.36585,-28.66534],[-49.36579,-28.66545],[-49.36578,-28.66554],[-49.3658,-28.66561],[-49.36587,-28.66572],[-49.36456,-28.66688],[-49.36389,-28.66747],[-49.36275,-28.66848],[-49.36286,-28.66864],[-49.36294,-28.66879],[-49.36293,-28.66899],[-49.3629,-28.6692],[-49.36242,-28.67024],[-49.36272,-28.67085],[-49.36275,-28.6709],[-49.36305,-28.67145],[-49.3637,-28.67266],[-49.36455,-28.67231],[-49.36564,-28.67186],[-49.3669,-28.67291],[-49.3676,-28.67353],[-49.36806,-28.67312],[-49.36851,-28.67265]]]}},{"type":"Feature","id":"4204608011","properties":{"id":"4204608011","name":"Mina do Mato","city":"Criciúma","cityCode":"4204608"},"geometry":{"type":"Polygon","coordinates":[[[-49.38162,-28.65905],[-49.3816,-28.65985],[-49.38034,-28.65984],[-49.38037,-28.65996],[-49.38039,-28.66012],[-49.38039,-28.66045],[-49.38032,-28.66086],[-49.38011,-28.6608],[-49.38002,-28.66081],[-49.37994,-28.66087],[-49.37984,-28.66102],[-49.37969,-28.66113],[-49.37956,-28.66124],[-49.3793,-28.66137],[-49.37687,-28.6647],[-49.37701,-28.66487],[-49.37744,-28.66534],[-49.37783,-28.66567],[-49.37789,-28.66572],[-49.37814,-28.66592],[-49.37861,-28.66631],[-49.37918,-28.66677],[-49.3806,-28.66796],[-49.3807,-28.66802],[-49.38081,-28.66811],[-49.3814,-28.66862],[-49.38261,-28.66962],[-49.38358,-28.67041],[-49.38418,-28.67091],[-49.38457,-28.67123],[-49.38471,-28.67143],[-49.38509,-28.67216],[-49.38554,-28.67297],[-49.38578,-28.67286],[-49.38597,-28.67277],[-49.38611,-28.67264],[-49.38632,-28.67251],[-49.38664,-28.67231],[-49.38691,-28.67225],[-49.38826,-28.67098],[-49.38877,-28.67051],[-49.38895,-28.67033],[-49.38924,-28.67],[-49.38954,-28.66955],[-49.38983,-28.66898],[-49.39001,-28.6686],[-49.39013,-28.66831],[-49.39036,-28.66793],[-49.39074,-28.66736],[-49.39128,-28.66678],[-49.39195,-28.6662],[-49.39198,-28.66618],[-49.39275,-28.66554],[-49.39338,-28.66496],[-49.39384,-28.66457],[-49.3942,-28.66427],[-49.3946,-28.66395],[-49.39534,-28.66332],[-49.39542,-28.6632],[-49.3956,-28.6628],[-49.39563,-28.66263],[-49.39561,-28.66252],[-49.39164,-28.65903],[-49.39129,-28.65873],[-49.38859,-28.65548],[-49.38622,-28.65554],[-49.38621,-28.65446],[-49.38619,-28.65302],[-49.38584,-28.65317],[-49.38499,-28.65368],[-49.38431,-28.65413],[-49.38391,-28.65435],[-49.3839,-28.65722],[-49.38246,-28.65722],[-49.38248,-28.65826],[-49.38161,-28.65827],[-49.38162,-28.65888],[-49.38162,-28.65905]]]}},{"type":"Feature","id":"4204608042","properties":{"id":"4204608042","name":"Dagostin","city":"Criciúma","cityCode":"4204608"},"geometry":{"type":"Polygon","coordinates":[[[-49.36172,-28.75017],[-49.36168,-28.75016],[-49.33488,-28.7494],[-49.3353,-28.7531],[-49.33547,-28.75435],[-49.35709,-28.75533],[-49.35624,-28.76915],[-49.3562,-28.76987],[-49.35627,-28.77086],[-49.35806,-28.77094],[-49.3592,-28.77099],[-49.3604,-28.77104],[-49.36089,-28.77106],[-49.36147,-28.77106],[-49.36164,-28.77107],[-49.3619,-28.77106],[-49.36278,-28.77111],[-49.3633,-28.77114],[-49.36407,-28.77118],[-49.36475,-28.77123],[-49.36533,-28.77125],[-49.36608,-28.77128],[-49.36616,-28.77011],[-49.36782,-28.7702],[-49.36923,-28.77027],[-49.37039,-28.77032],[-49.37185,-28.77039],[-49.37306,-28.77045],[-49.3733,-28.77046],[-49.37588,-28.77055],[-49.37629,-28.77057],[-49.37649,-28.76249],[-49.37735,-28.76141],[-49.37763,-28.76115],[-49.37795,-28.76085],[-49.38115,-28.75699],[-49.38137,-28.75638],[-49.38231,-28.75314],[-49.38227,-28.75129],[-49.38223,-28.7508],[-49.3718,-28.75054],[-49.36172,-28.75017]]]}},{"type":"Feature","id":"4204608027","properties":{"id":"4204608027","name":"Jardim Angélica","city":"Criciúma","cityCode":"4204608"},"geometry":{"type":"Polygon","coordinates":[[[-49.39759,-28.70279],[-49.39729,-28.70254],[-49.3963,-28.70344],[-49.39581,-28.7039],[-49.3953,-28.70439],[-49.39477,-28.7049],[-49.39451,-28.70514],[-49.39283,-28.70672],[-49.39246,-28.70645],[-49.38992,-28.70884],[-49.38991,-28.7091],[-49.3899,-28.70916],[-49.3898,-28.71065],[-49.39194,-28.71063],[-49.39351,-28.71061],[-49.39437,-28.71058],[-49.39714,-28.71063],[-49.39997,-28.71067],[-49.40183,-28.71066],[-49.40196,-28.71062],[-49.40246,-28.71061],[-49.40268,-28.71061],[-49.40391,-28.71059],[-49.40418,-28.71062],[-49.40418,-28.71058],[-49.40432,-28.70973],[-49.40459,-28.70811],[-49.40486,-28.70682],[-49.40501,-28.7058],[-49.40502,-28.70561],[-49.40504,-28.70537],[-49.40502,-28.70462],[-49.40498,-28.70442],[-49.40498,-28.70441],[-49.40497,-28.70436],[-49.40495,-28.70429],[-49.40495,-28.70425],[-49.4049,-28.70408],[-49.40489,-28.70404],[-49.40488,-28.704],[-49.40484,-28.70383],[-49.40457,-28.70317],[-49.40448,-28.70299],[-49.40429,-28.70264],[-49.40397,-28.70218],[-49.40339,-28.70155],[-49.40326,-28.70143],[-49.40301,-28.70119],[-49.40282,-28.70102],[-49.40255,-28.70075],[-49.40158,-28.69995],[-49.40073,-28.6991],[-49.40067,-28.69916],[-49.40064,-28.69918],[-49.40062,-28.69921],[-49.4006,-28.69924],[-49.40057,-28.69927],[-49.40018,-28.69966],[-49.39957,-28.70026],[-49.39931,-28.70046],[-49.39919,-28.70052],[-49.39931,-28.70069],[-49.39951,-28.70087],[-49.3986,-28.70177],[-49.3981,-28.70227],[-49.39759,-28.70279]]]}},{"type":"Feature","id":"4204608009","properties":{"id":"4204608009","name":"Santo Antônio","city":"Criciúma","cityCode":"4204608"},"geometry":{"type":"Polygon","coordinates":[[[-49.39773,-28.6884],[-49.39777,-28.68841],[-49.39798,-28.68846],[-49.39821,-28.68851],[-49.39828,-28.68852],[-49.39853,-28.68853],[-49.39865,-28.68852],[-49.39884,-28.68849],[-49.39891,-28.68848],[-49.39896,-28.68847],[-49.39904,-28.68844],[-49.3993,-28.68833],[-49.39949,-28.68825],[-49.39974,-28.68814],[-49.40006,-28.68797],[-49.40015,-28.68793],[-49.40035,-28.68783],[-49.40095,-28.68757],[-49.40117,-28.68749],[-49.4014,-28.6874],[-49.4015,-28.68736],[-49.40183,-28.68721],[-49.40195,-28.68714],[-49.40205,-28.6871],[-49.40047,-28.68569],[-49.40044,-28.68567],[-49.40095,-28.6852],[-49.4017,-28.68452],[-49.40189,-28.68433],[-49.40191,-28.68428],[-49.40188,-28.68422],[-49.40155,-28.68391],[-49.40121,-28.68361],[-49.40108,-28.68349],[-49.40054,-28.68301],[-49.40053,-28.68297],[-49.40017,-28.68093],[-49.39935,-28.68093],[-49.3994,-28.68078],[-49.39956,-28.68037],[-49.39984,-28.67983],[-49.40001,-28.67965],[-49.40001,-28.6796],[-49.39995,-28.6763],[-49.39995,-28.67627],[-49.39982,-28.67629],[-49.39976,-28.67298],[-49.39866,-28.67303],[-49.39638,-28.67443],[-49.39563,-28.67274],[-49.39492,-28.67344],[-49.39359,-28.67475],[-49.39357,-28.67477],[-49.39278,-28.67552],[-49.39228,-28.67601],[-49.39177,-28.67649],[-49.39126,-28.67697],[-49.39076,-28.67744],[-49.39027,-28.67792],[-49.38977,-28.67841],[-49.38929,-28.67888],[-49.38879,-28.67938],[-49.38781,-28.68029],[-49.3873,-28.68077],[-49.38679,-28.68125],[-49.38629,-28.68173],[-49.38555,-28.68245],[-49.38618,-28.68286],[-49.38667,-28.6832],[-49.38794,-28.68409],[-49.38832,-28.68434],[-49.38869,-28.6846],[-49.38906,-28.68487],[-49.3893,-28.68516],[-49.38936,-28.68525],[-49.3895,-28.68543],[-49.38969,-28.68582],[-49.38977,-28.6861],[-49.38982,-28.68635],[-49.38983,-28.68666],[-49.38982,-28.687],[-49.38977,-28.68784],[-49.38976,-28.68837],[-49.38979,-28.68851],[-49.38983,-28.68851],[-49.38996,-28.68854],[-49.39018,-28.68857],[-49.39025,-28.68858],[-49.39043,-28.68858],[-49.39049,-28.68857],[-49.39055,-28.68857],[-49.3906,-28.68856],[-49.39071,-28.68855],[-49.39078,-28.68854],[-49.39087,-28.68853],[-49.39096,-28.68852],[-49.39101,-28.68852],[-49.3911,-28.68852],[-49.39116,-28.68851],[-49.39149,-28.68847],[-49.39162,-28.68846],[-49.39196,-28.68839],[-49.39212,-28.68836],[-49.3922,-28.68834],[-49.39248,-28.68826],[-49.39286,-28.68815],[-49.39322,-28.68805],[-49.39327,-28.68802],[-49.3933,-28.688],[-49.39335,-28.688],[-49.39338,-28.688],[-49.39344,-28.68797],[-49.39349,-28.68795],[-49.39353,-28.68793],[-49.39357,-28.68792],[-49.39375,-28.68789],[-49.39398,-28.68785],[-49.3942,-28.68781],[-49.39435,-28.68778],[-49.39442,-28.68777],[-49.39447,-28.68776],[-49.39457,-28.68776],[-49.39465,-28.68777],[-49.39475,-28.6878],[-49.39482,-28.68782],[-49.39487,-28.68783],[-49.39498,-28.68785],[-49.39524,-28.68787],[-49.39562,-28.68792],[-49.39569,-28.68792],[-49.39573,-28.68793],[-49.39592,-28.68799],[-49.39622,-28.6881],[-49.39635,-28.68814],[-49.39643,-28.68816],[-49.3969,-28.68822],[-49.39695,-28.68823],[-49.39699,-28.68824],[-49.39705,-28.68825],[-49.39725,-28.68828],[-49.39763,-28.68838],[-49.39769,-28.68839],[-49.39773,-28.6884]]]}},{"type":"Feature","id":"4204608077","properties":{"id":"4204608077","name":"Vila São Domingos","city":"Criciúma","cityCode":"4204608"},"geometry":{"type":"Polygon","coordinates":[[[-49.39924,-28.83267],[-49.40381,-28.8295],[-49.40591,-28.82804],[-49.40639,-28.82771],[-49.40768,-28.82681],[-49.40764,-28.82678],[-49.40526,-28.82506],[-49.4047,-28.82463],[-49.40401,-28.82414],[-49.40386,-28.82403],[-49.40373,-28.82394],[-49.40022,-28.82145],[-49.39961,-28.82099],[-49.39853,-28.82022],[-49.39667,-28.81887],[-49.39498,-28.81767],[-49.39467,-28.81745],[-49.39425,-28.81714],[-49.39373,-28.81673],[-49.39306,-28.81615],[-49.39234,-28.81547],[-49.39175,-28.8149],[-49.39134,-28.81452],[-49.39098,-28.81421],[-49.39066,-28.81398],[-49.39026,-28.81373],[-49.38995,-28.81355],[-49.38961,-28.81338],[-49.38897,-28.81313],[-49.38805,-28.81272],[-49.38654,-28.81211],[-49.38587,-28.81181],[-49.38535,-28.81161],[-49.38392,-28.811],[-49.38179,-28.8101],[-49.38028,-28.8095],[-49.37988,-28.80933],[-49.37875,-28.80884],[-49.3772,-28.80821],[-49.37641,-28.80784],[-49.37622,-28.80774],[-49.37613,-28.8126],[-49.37604,-28.81791],[-49.37543,-28.81766],[-49.37389,-28.81702],[-49.37313,-28.8167],[-49.37186,-28.81618],[-49.37105,-28.81583],[-49.37039,-28.81549],[-49.36949,-28.81498],[-49.36871,-28.81452],[-49.37248,-28.81089],[-49.3686,-28.80866],[-49.368,-28.80831],[-49.37138,-28.805],[-49.36923,-28.80373],[-49.3685,-28.80332],[-49.36757,-28.8028],[-49.36585,-28.8018],[-49.36535,-28.80149],[-49.36482,-28.80119],[-49.36453,-28.80102],[-49.36415,-28.80079],[-49.36326,-28.80029],[-49.36227,-28.79971],[-49.36081,-28.79877],[-49.35895,-28.79769],[-49.35733,-28.79675],[-49.35472,-28.79524],[-49.35463,-28.7955],[-49.35435,-28.80033],[-49.35408,-28.80605],[-49.35381,-28.81126],[-49.3583,-28.81494],[-49.35836,-28.81502],[-49.35836,-28.81512],[-49.3583,-28.81522],[-49.35764,-28.81586],[-49.35655,-28.81692],[-49.35652,-28.81697],[-49.35653,-28.81703],[-49.35782,-28.81809],[-49.35943,-28.81937],[-49.36128,-28.82088],[-49.36219,-28.82171],[-49.36354,-28.82284],[-49.36456,-28.82367],[-49.36569,-28.8246],[-49.36735,-28.826],[-49.36825,-28.82674],[-49.3685,-28.82703],[-49.37399,-28.82549],[-49.37646,-28.82551],[-49.37692,-28.82649],[-49.37724,-28.82727],[-49.37759,-28.82815],[-49.37788,-28.82891],[-49.37632,-28.83049],[-49.37698,-28.83119],[-49.37833,-28.83256],[-49.37884,-28.83304],[-49.37932,-28.83352],[-49.38037,-28.83453],[-49.38141,-28.83559],[-49.38242,-28.83656],[-49.3827,-28.83678],[-49.38288,-28.837],[-49.38303,-28.83737],[-49.38305,-28.83757],[-49.38304,-28.83793],[-49.38312,-28.83816],[-49.38339,-28.83869],[-49.38354,-28.83914],[-49.3837,-28.83955],[-49.38383,-28.83988],[-49.38389,-28.83999],[-49.38472,-28.8396],[-49.38612,-28.83895],[-49.39021,-28.83709],[-49.39449,-28.83514],[-49.39701,-28.83398],[-49.39786,-28.83362],[-49.39924,-28.83267]]]}},{"type":"Feature","id":"4204608029","properties":{"id":"4204608029","name":"Jardim Maristela","city":"Criciúma","cityCode":"4204608"},"geometry":{"type":"Polygon","coordinates":[[[-49.3435,-28.69294],[-49.34348,-28.6936],[-49.34346,-28.69424],[-49.34344,-28.69495],[-49.34341,-28.69575],[-49.34341,-28.69581],[-49.3434,-28.69646],[-49.34339,-28.69708],[-49.3434,-28.69783],[-49.3437,-28.69783],[-49.34398,-28.69784],[-49.34425,-28.69784],[-49.34439,-28.69784],[-49.34456,-28.69785],[-49.34503,-28.69785],[-49.34507,-28.69785],[-49.34519,-28.69785],[-49.34585,-28.69787],[-49.34654,-28.69789],[-49.34728,-28.69789],[-49.348,-28.69789],[-49.34866,-28.69789],[-49.34933,-28.69793],[-49.34996,-28.69801],[-49.35058,-28.69799],[-49.35089,-28.69795],[-49.35125,-28.69789],[-49.3517,-28.69781],[-49.35228,-28.69782],[-49.35345,-28.69783],[-49.35385,-28.69785],[-49.35431,-28.69788],[-49.35494,-28.69785],[-49.35494,-28.69777],[-49.355,-28.69772],[-49.35415,-28.69653],[-49.35409,-28.6964],[-49.35405,-28.69629],[-49.35411,-28.6962],[-49.3543,-28.69614],[-49.35392,-28.69608],[-49.35383,-28.69603],[-49.35366,-28.69586],[-49.35314,-28.69515],[-49.35128,-28.69259],[-49.35075,-28.69186],[-49.35061,-28.69167],[-49.34925,-28.6898],[-49.34904,-28.68949],[-49.34887,-28.68927],[-49.34822,-28.68845],[-49.34801,-28.68812],[-49.34788,-28.6879],[-49.34794,-28.68785],[-49.34806,-28.68783],[-49.34792,-28.68776],[-49.34777,-28.68765],[-49.3477,-28.68759],[-49.3474,-28.68717],[-49.34657,-28.68604],[-49.34592,-28.68518],[-49.34585,-28.68505],[-49.34575,-28.685],[-49.34563,-28.68494],[-49.34547,-28.68485],[-49.34539,-28.68476],[-49.34535,-28.68458],[-49.34536,-28.68434],[-49.34534,-28.68402],[-49.3453,-28.68381],[-49.34515,-28.68336],[-49.34512,-28.68321],[-49.34511,-28.68308],[-49.34509,-28.68305],[-49.34501,-28.68295],[-49.34499,-28.68293],[-49.34492,-28.68291],[-49.3449,-28.68307],[-49.34474,-28.68342],[-49.34435,-28.68419],[-49.34405,-28.68478],[-49.34387,-28.68514],[-49.34369,-28.68546],[-49.34321,-28.68642],[-49.34303,-28.68676],[-49.34272,-28.68737],[-49.34277,-28.68739],[-49.34284,-28.68741],[-49.34287,-28.68743],[-49.34302,-28.68752],[-49.34317,-28.68765],[-49.34332,-28.68774],[-49.34368,-28.68778],[-49.34367,-28.68847],[-49.34362,-28.68881],[-49.34365,-28.68902],[-49.34375,-28.68925],[-49.34357,-28.68925],[-49.34355,-28.69103],[-49.34354,-28.69165],[-49.34353,-28.69229],[-49.3435,-28.69294]]]}},{"type":"Feature","id":"4204608004","properties":{"id":"4204608004","name":"Boa Vista","city":"Criciúma","cityCode":"4204608"},"geometry":{"type":"Polygon","coordinates":[[[-49.41042,-28.68275],[-49.40865,-28.68274],[-49.40814,-28.68277],[-49.40775,-28.68278],[-49.40693,-28.68279],[-49.40689,-28.68283],[-49.40686,-28.68292],[-49.4068,-28.68305],[-49.40663,-28.68354],[-49.40659,-28.6836],[-49.40649,-28.68385],[-49.40638,-28.68414],[-49.40626,-28.68443],[-49.40595,-28.68524],[-49.40577,-28.68565],[-49.4056,-28.68604],[-49.40575,-28.68611],[-49.40581,-28.68612],[-49.40585,-28.68616],[-49.40589,-28.68621],[-49.40604,-28.6865],[-49.40607,-28.68655],[-49.40612,-28.68668],[-49.40615,-28.68677],[-49.40618,-28.6869],[-49.40619,-28.68702],[-49.4062,-28.68718],[-49.40621,-28.68743],[-49.40621,-28.68747],[-49.40621,-28.68764],[-49.40623,-28.68782],[-49.40625,-28.68802],[-49.40628,-28.68827],[-49.40632,-28.68846],[-49.40633,-28.6885],[-49.40639,-28.68871],[-49.40643,-28.68881],[-49.40645,-28.68886],[-49.40652,-28.68897],[-49.40658,-28.68906],[-49.4066,-28.68909],[-49.40667,-28.68916],[-49.40668,-28.68917],[-49.40717,-28.68889],[-49.40734,-28.68878],[-49.40851,-28.68812],[-49.40893,-28.68788],[-49.41001,-28.68728],[-49.41101,-28.68672],[-49.41163,-28.68636],[-49.41225,-28.68601],[-49.41267,-28.68574],[-49.41307,-28.68539],[-49.4134,-28.68505],[-49.41366,-28.68471],[-49.41387,-28.68435],[-49.41396,-28.68415],[-49.41398,-28.6841],[-49.4141,-28.68376],[-49.41419,-28.6834],[-49.41425,-28.68308],[-49.41431,-28.68277],[-49.41188,-28.68275],[-49.4118,-28.68275],[-49.41112,-28.68275],[-49.41042,-28.68275]]]}},{"type":"Feature","id":"4204608005","properties":{"id":"4204608005","name":"Pinheirinho","city":"Criciúma","cityCode":"4204608"},"geometry":{"type":"Polygon","coordinates":[[[-49.39246,-28.70645],[-49.39283,-28.70672],[-49.39451,-28.70514],[-49.39477,-28.7049],[-49.3953,-28.70439],[-49.39581,-28.7039],[-49.3963,-28.70344],[-49.39729,-28.70254],[-49.39759,-28.70279],[-49.3981,-28.70227],[-49.3986,-28.70177],[-49.39951,-28.70087],[-49.39931,-28.70069],[-49.39919,-28.70052],[-49.39931,-28.70046],[-49.39957,-28.70026],[-49.40018,-28.69966],[-49.40057,-28.69927],[-49.4006,-28.69924],[-49.40062,-28.69921],[-49.40064,-28.69918],[-49.40067,-28.69916],[-49.40073,-28.6991],[-49.40067,-28.69904],[-49.39984,-28.69831],[-49.39974,-28.69822],[-49.39992,-28.69822],[-49.40195,-28.69814],[-49.40195,-28.69814],[-49.40313,-28.69814],[-49.40363,-28.69822],[-49.40272,-28.69774],[-49.4026,-28.69769],[-49.40257,-28.69767],[-49.40249,-28.69763],[-49.40246,-28.69761],[-49.40235,-28.69756],[-49.40192,-28.69732],[-49.40125,-28.697],[-49.40053,-28.69662],[-49.39989,-28.69629],[-49.40051,-28.69572],[-49.40234,-28.69401],[-49.40328,-28.69317],[-49.40282,-28.69278],[-49.4028,-28.69275],[-49.40243,-28.69246],[-49.40241,-28.69244],[-49.40238,-28.69243],[-49.40208,-28.6922],[-49.40308,-28.69143],[-49.40404,-28.69067],[-49.40378,-28.6904],[-49.40345,-28.69011],[-49.40278,-28.68957],[-49.40218,-28.68907],[-49.40169,-28.68867],[-49.40126,-28.68833],[-49.40117,-28.68835],[-49.40083,-28.68837],[-49.40036,-28.68834],[-49.40033,-28.68831],[-49.40006,-28.68797],[-49.39974,-28.68814],[-49.39949,-28.68825],[-49.3993,-28.68833],[-49.39904,-28.68844],[-49.39896,-28.68847],[-49.39891,-28.68848],[-49.39884,-28.68849],[-49.39865,-28.68852],[-49.39853,-28.68853],[-49.39828,-28.68852],[-49.39821,-28.68851],[-49.39798,-28.68846],[-49.39777,-28.68841],[-49.39773,-28.6884],[-49.39769,-28.68839],[-49.39763,-28.68838],[-49.39725,-28.68828],[-49.39705,-28.68825],[-49.39699,-28.68824],[-49.39695,-28.68823],[-49.3969,-28.68822],[-49.39643,-28.68816],[-49.39635,-28.68814],[-49.39622,-28.6881],[-49.39592,-28.68799],[-49.39573,-28.68793],[-49.39569,-28.68792],[-49.39562,-28.68792],[-49.39524,-28.68787],[-49.39498,-28.68785],[-49.39487,-28.68783],[-49.39482,-28.68782],[-49.39475,-28.6878],[-49.39465,-28.68777],[-49.39457,-28.68776],[-49.39447,-28.68776],[-49.39442,-28.68777],[-49.39435,-28.68778],[-49.3942,-28.68781],[-49.39398,-28.68785],[-49.39375,-28.68789],[-49.39357,-28.68792],[-49.39353,-28.68793],[-49.39349,-28.68795],[-49.39344,-28.68797],[-49.39338,-28.688],[-49.39335,-28.688],[-49.3933,-28.688],[-49.39327,-28.68802],[-49.39322,-28.68805],[-49.39286,-28.68815],[-49.39248,-28.68826],[-49.3922,-28.68834],[-49.39212,-28.68836],[-49.39196,-28.68839],[-49.39162,-28.68846],[-49.39149,-28.68847],[-49.39116,-28.68851],[-49.3911,-28.68852],[-49.39101,-28.68852],[-49.39096,-28.68852],[-49.39087,-28.68853],[-49.39078,-28.68854],[-49.39071,-28.68855],[-49.3906,-28.68856],[-49.39055,-28.68857],[-49.39049,-28.68857],[-49.39043,-28.68858],[-49.39025,-28.68858],[-49.39018,-28.68857],[-49.38996,-28.68854],[-49.38983,-28.68851],[-49.38979,-28.68851],[-49.38984,-28.68872],[-49.38991,-28.68895],[-49.38975,-28.68899],[-49.38892,-28.68958],[-49.38906,-28.68974],[-49.38812,-28.69056],[-49.38719,-28.69144],[-49.38651,-28.69115],[-49.38596,-28.69089],[-49.38544,-28.69068],[-49.38465,-28.69037],[-49.38368,-28.68999],[-49.38304,-28.68972],[-49.38236,-28.68945],[-49.38184,-28.68924],[-49.38156,-28.68913],[-49.38113,-28.68895],[-49.38033,-28.68865],[-49.38028,-28.68863],[-49.3802,-28.68861],[-49.38018,-28.6886],[-49.38014,-28.68859],[-49.38011,-28.68858],[-49.38008,-28.6886],[-49.38006,-28.68862],[-49.38002,-28.68865],[-49.37997,-28.68869],[-49.37993,-28.68872],[-49.37933,-28.68925],[-49.37872,-28.68985],[-49.37864,-28.68996],[-49.37862,-28.69002],[-49.37862,-28.69072],[-49.37863,-28.69142],[-49.37862,-28.69221],[-49.37994,-28.6922],[-49.38132,-28.69221],[-49.38292,-28.6922],[-49.38318,-28.69221],[-49.3834,-28.69224],[-49.38359,-28.69228],[-49.38386,-28.6924],[-49.38403,-28.69247],[-49.3849,-28.69282],[-49.38578,-28.69316],[-49.38711,-28.69369],[-49.38765,-28.69391],[-49.38844,-28.69423],[-49.38862,-28.6943],[-49.38877,-28.69435],[-49.3896,-28.69469],[-49.39014,-28.69491],[-49.3905,-28.69504],[-49.39089,-28.6952],[-49.39143,-28.69541],[-49.39166,-28.6955],[-49.39228,-28.69575],[-49.39234,-28.69577],[-49.39313,-28.69609],[-49.39358,-28.69618],[-49.39384,-28.69619],[-49.39352,-28.69652],[-49.39298,-28.69707],[-49.39294,-28.69711],[-49.39243,-28.6976],[-49.39154,-28.69846],[-49.39124,-28.69871],[-49.39062,-28.69934],[-49.39059,-28.69936],[-49.38951,-28.70031],[-49.38948,-28.70033],[-49.38946,-28.70036],[-49.38842,-28.70128],[-49.38788,-28.7008],[-49.38738,-28.70039],[-49.38687,-28.69998],[-49.38628,-28.6995],[-49.38588,-28.69986],[-49.38566,-28.70008],[-49.38508,-28.70061],[-49.38457,-28.70108],[-49.38419,-28.70147],[-49.38394,-28.70164],[-49.38315,-28.70215],[-49.38289,-28.70229],[-49.38274,-28.70233],[-49.38274,-28.70237],[-49.38289,-28.71058],[-49.3898,-28.71065],[-49.3899,-28.70916],[-49.38991,-28.7091],[-49.38992,-28.70884],[-49.39246,-28.70645]]]}},{"type":"Feature","id":"4204608067","properties":{"id":"4204608067","name":"Sangão","city":"Criciúma","cityCode":"4204608"},"geometry":{"type":"Polygon","coordinates":[[[-49.40861,-28.74643],[-49.40863,-28.7464],[-49.40884,-28.74619],[-49.40912,-28.74599],[-49.40927,-28.74588],[-49.40938,-28.74582],[-49.40951,-28.74575],[-49.40958,-28.7457],[-49.40971,-28.74566],[-49.41005,-28.7456],[-49.41066,-28.74559],[-49.41098,-28.74551],[-49.41116,-28.7455],[-49.41126,-28.74549],[-49.41132,-28.74548],[-49.41141,-28.74545],[-49.41148,-28.7454],[-49.4118,-28.7452],[-49.41193,-28.74514],[-49.41215,-28.74503],[-49.41224,-28.745],[-49.41227,-28.74498],[-49.41233,-28.74495],[-49.41235,-28.74493],[-49.41237,-28.7449],[-49.4124,-28.74487],[-49.41241,-28.74484],[-49.41242,-28.74482],[-49.41244,-28.74481],[-49.41249,-28.74475],[-49.41243,-28.74469],[-49.41232,-28.74459],[-49.41201,-28.74436],[-49.41177,-28.74419],[-49.41154,-28.74405],[-49.41136,-28.74393],[-49.41105,-28.74365],[-49.41077,-28.7434],[-49.41047,-28.74313],[-49.41044,-28.74311],[-49.41014,-28.74292],[-49.40996,-28.74278],[-49.40967,-28.74255],[-49.40929,-28.74222],[-49.40897,-28.74199],[-49.40884,-28.74188],[-49.40855,-28.74164],[-49.40835,-28.74144],[-49.40826,-28.74135],[-49.40791,-28.74097],[-49.40764,-28.74055],[-49.40757,-28.74043],[-49.40733,-28.74005],[-49.40712,-28.73966],[-49.40712,-28.73965],[-49.40698,-28.73931],[-49.40688,-28.73898],[-49.40678,-28.7386],[-49.4067,-28.73812],[-49.40669,-28.73804],[-49.40669,-28.73802],[-49.40669,-28.73797],[-49.40671,-28.73781],[-49.40679,-28.73756],[-49.40691,-28.73727],[-49.40709,-28.73699],[-49.40713,-28.73693],[-49.40721,-28.7368],[-49.40731,-28.73666],[-49.40744,-28.73655],[-49.40757,-28.73637],[-49.40777,-28.73609],[-49.40795,-28.73591],[-49.4082,-28.73558],[-49.40844,-28.73527],[-49.40867,-28.73498],[-49.40885,-28.73472],[-49.40902,-28.73451],[-49.40905,-28.73447],[-49.40933,-28.7341],[-49.40996,-28.73334],[-49.41031,-28.73285],[-49.41042,-28.73267],[-49.4105,-28.7325],[-49.41068,-28.73195],[-49.41082,-28.73138],[-49.4111,-28.73024],[-49.4112,-28.72987],[-49.41149,-28.72878],[-49.41171,-28.72795],[-49.41179,-28.72764],[-49.41179,-28.7276],[-49.41181,-28.72751],[-49.41181,-28.72742],[-49.41181,-28.72736],[-49.41182,-28.72732],[-49.40407,-28.72699],[-49.40405,-28.72591],[-49.40394,-28.72304],[-49.40391,-28.72115],[-49.40088,-28.72108],[-49.40087,-28.72117],[-49.4004,-28.72913],[-49.3988,-28.729],[-49.39105,-28.72887],[-49.39017,-28.75104],[-49.40976,-28.75163],[-49.4102,-28.75052],[-49.41043,-28.74993],[-49.41052,-28.74963],[-49.41057,-28.7493],[-49.41056,-28.74913],[-49.41057,-28.74896],[-49.41056,-28.74888],[-49.41056,-28.7488],[-49.41059,-28.74873],[-49.41046,-28.74842],[-49.40972,-28.74766],[-49.40915,-28.74705],[-49.40883,-28.74672],[-49.40861,-28.74643]]]}},{"type":"Feature","id":"4204608028","properties":{"id":"4204608028","name":"Imigrantes","city":"Criciúma","cityCode":"4204608"},"geometry":{"type":"Polygon","coordinates":[[[-49.32145,-28.67902],[-49.32164,-28.67918],[-49.32223,-28.67974],[-49.32228,-28.6798],[-49.32249,-28.67993],[-49.32279,-28.68009],[-49.32313,-28.6802],[-49.32347,-28.68029],[-49.3237,-28.68034],[-49.32421,-28.68038],[-49.32551,-28.6805],[-49.32591,-28.68054],[-49.32607,-28.68053],[-49.32611,-28.68051],[-49.32613,-28.6792],[-49.32616,-28.67755],[-49.32617,-28.67718],[-49.32619,-28.67704],[-49.32619,-28.67664],[-49.32621,-28.67657],[-49.32621,-28.67652],[-49.32623,-28.67539],[-49.32623,-28.67494],[-49.32624,-28.67422],[-49.32621,-28.67422],[-49.32621,-28.67357],[-49.3261,-28.67357],[-49.32612,-28.6729],[-49.32613,-28.67219],[-49.32615,-28.67102],[-49.32612,-28.67101],[-49.32534,-28.67099],[-49.31728,-28.67074],[-49.31723,-28.67074],[-49.31718,-28.67074],[-49.31524,-28.6707],[-49.31514,-28.67723],[-49.31512,-28.6791],[-49.31561,-28.67926],[-49.31597,-28.67947],[-49.31689,-28.67988],[-49.31694,-28.6799],[-49.31746,-28.68007],[-49.31791,-28.68008],[-49.31846,-28.68003],[-49.31876,-28.67996],[-49.31897,-28.67985],[-49.31939,-28.67958],[-49.32002,-28.67897],[-49.3202,-28.67884],[-49.32058,-28.67877],[-49.32094,-28.67874],[-49.32131,-28.6789],[-49.32145,-28.67902]]]}},{"type":"Feature","id":"4204608044","properties":{"id":"4204608044","name":"Morro Estevão","city":"Criciúma","cityCode":"4204608"},"geometry":{"type":"Polygon","coordinates":[[[-49.35858,-28.72782],[-49.35892,-28.71872],[-49.35892,-28.71869],[-49.35837,-28.71867],[-49.35771,-28.71864],[-49.35654,-28.7186],[-49.3556,-28.71856],[-49.35554,-28.71856],[-49.35394,-28.7185],[-49.35324,-28.71847],[-49.35295,-28.71846],[-49.35039,-28.71838],[-49.34923,-28.71833],[-49.34791,-28.71827],[-49.3462,-28.71821],[-49.34557,-28.71819],[-49.34473,-28.71805],[-49.34429,-28.71802],[-49.34372,-28.71801],[-49.34328,-28.71807],[-49.34268,-28.71811],[-49.34201,-28.71805],[-49.34086,-28.71801],[-49.33935,-28.71796],[-49.33849,-28.71793],[-49.3377,-28.71788],[-49.33617,-28.71781],[-49.33484,-28.71778],[-49.33403,-28.71774],[-49.33391,-28.71774],[-49.33252,-28.71768],[-49.33134,-28.71764],[-49.33129,-28.71763],[-49.33141,-28.7186],[-49.33175,-28.72152],[-49.33233,-28.72685],[-49.33324,-28.73463],[-49.33346,-28.73652],[-49.33441,-28.74523],[-49.33443,-28.74547],[-49.33488,-28.7494],[-49.36168,-28.75016],[-49.36172,-28.75017],[-49.3718,-28.75054],[-49.38223,-28.7508],[-49.39017,-28.75104],[-49.39105,-28.72887],[-49.38687,-28.7288],[-49.38686,-28.7316],[-49.38555,-28.73137],[-49.38558,-28.72873],[-49.38553,-28.72873],[-49.38095,-28.72847],[-49.38121,-28.73305],[-49.37884,-28.73301],[-49.3788,-28.733],[-49.37819,-28.73299],[-49.37777,-28.73297],[-49.37758,-28.73296],[-49.37694,-28.73293],[-49.3763,-28.73291],[-49.37567,-28.73288],[-49.37497,-28.73285],[-49.37434,-28.73282],[-49.37364,-28.73279],[-49.37288,-28.73275],[-49.3711,-28.73269],[-49.37097,-28.73107],[-49.37083,-28.72924],[-49.37075,-28.72819],[-49.37071,-28.72819],[-49.36266,-28.72798],[-49.36032,-28.72792],[-49.35858,-28.72782]]]}},{"type":"Feature","id":"4204608061","properties":{"id":"4204608061","name":"Linha Anta","city":"Criciúma","cityCode":"4204608"},"geometry":{"type":"Polygon","coordinates":[[[-49.26492,-28.66684],[-49.25925,-28.66686],[-49.25925,-28.66899],[-49.25925,-28.66901],[-49.25925,-28.67428],[-49.25925,-28.67432],[-49.25988,-28.67417],[-49.26065,-28.67407],[-49.26075,-28.67408],[-49.26304,-28.67465],[-49.26362,-28.67491],[-49.2641,-28.67522],[-49.26496,-28.67602],[-49.26492,-28.66684]]]}},{"type":"Feature","id":"4204608064","properties":{"id":"4204608064","name":"Mina do Toco","city":"Criciúma","cityCode":"4204608"},"geometry":{"type":"Polygon","coordinates":[[[-49.39069,-28.64477],[-49.3981,-28.64477],[-49.39827,-28.64256],[-49.39827,-28.64253],[-49.39828,-28.6425],[-49.39856,-28.63631],[-49.39086,-28.63506],[-49.38417,-28.63397],[-49.38342,-28.63385],[-49.38303,-28.63379],[-49.38301,-28.63381],[-49.38291,-28.6339],[-49.38266,-28.63406],[-49.38251,-28.63412],[-49.38233,-28.63417],[-49.38221,-28.63419],[-49.38207,-28.63422],[-49.38198,-28.63423],[-49.38191,-28.63426],[-49.3818,-28.63436],[-49.38168,-28.63447],[-49.38163,-28.6345],[-49.38156,-28.63453],[-49.38136,-28.63459],[-49.38128,-28.63461],[-49.38117,-28.63466],[-49.38088,-28.63479],[-49.38074,-28.63485],[-49.3805,-28.63495],[-49.38038,-28.63499],[-49.38025,-28.63503],[-49.38021,-28.63505],[-49.38016,-28.63507],[-49.38013,-28.63509],[-49.38008,-28.63511],[-49.37989,-28.63526],[-49.37973,-28.63541],[-49.37953,-28.63552],[-49.37939,-28.63556],[-49.37924,-28.63558],[-49.37908,-28.63558],[-49.37893,-28.6356],[-49.37879,-28.63563],[-49.37875,-28.63565],[-49.37869,-28.63567],[-49.37862,-28.63571],[-49.37852,-28.63581],[-49.3783,-28.636],[-49.3781,-28.6362],[-49.37799,-28.63632],[-49.37787,-28.63641],[-49.37773,-28.63651],[-49.37764,-28.63654],[-49.37753,-28.63656],[-49.37738,-28.63657],[-49.37718,-28.63657],[-49.37697,-28.63657],[-49.37682,-28.63654],[-49.37663,-28.63648],[-49.37649,-28.63619],[-49.37633,-28.63594],[-49.37573,-28.6354],[-49.37524,-28.6352],[-49.37489,-28.63513],[-49.37458,-28.63512],[-49.37421,-28.63503],[-49.37386,-28.63482],[-49.37385,-28.63481],[-49.37321,-28.63446],[-49.37239,-28.63407],[-49.37201,-28.63389],[-49.37175,-28.63385],[-49.37145,-28.63384],[-49.37109,-28.63372],[-49.37057,-28.63378],[-49.37012,-28.6339],[-49.36982,-28.63403],[-49.36954,-28.6342],[-49.36928,-28.63424],[-49.36818,-28.63469],[-49.36724,-28.63504],[-49.36555,-28.63557],[-49.36523,-28.63567],[-49.36397,-28.6362],[-49.36357,-28.63647],[-49.36623,-28.64329],[-49.36699,-28.64522],[-49.39058,-28.64534],[-49.39062,-28.64495],[-49.39069,-28.64477]]]}},{"type":"Feature","id":"4204608017","properties":{"id":"4204608017","name":"Mina Brasil","city":"Criciúma","cityCode":"4204608"},"geometry":{"type":"Polygon","coordinates":[[[-49.35612,-28.67109],[-49.35807,-28.67106],[-49.35806,-28.67092],[-49.35819,-28.67092],[-49.35899,-28.67093],[-49.35937,-28.67093],[-49.35981,-28.67094],[-49.36045,-28.67092],[-49.36155,-28.67093],[-49.36275,-28.6709],[-49.36272,-28.67085],[-49.36242,-28.67024],[-49.3629,-28.6692],[-49.36293,-28.66899],[-49.36294,-28.66879],[-49.36286,-28.66864],[-49.36275,-28.66848],[-49.36389,-28.66747],[-49.36456,-28.66688],[-49.36587,-28.66572],[-49.3658,-28.66561],[-49.36578,-28.66554],[-49.36579,-28.66545],[-49.36585,-28.66534],[-49.36596,-28.66532],[-49.36607,-28.66531],[-49.36619,-28.66533],[-49.36653,-28.66542],[-49.36664,-28.66544],[-49.36675,-28.66542],[-49.36684,-28.66535],[-49.36687,-28.66525],[-49.36675,-28.66472],[-49.36675,-28.66463],[-49.36679,-28.66455],[-49.36686,-28.66447],[-49.36707,-28.66439],[-49.36738,-28.66433],[-49.36776,-28.66432],[-49.3679,-28.66431],[-49.36802,-28.6643],[-49.36812,-28.66426],[-49.36822,-28.6642],[-49.36831,-28.66412],[-49.36837,-28.66404],[-49.3684,-28.6639],[-49.3684,-28.66376],[-49.3683,-28.66348],[-49.36822,-28.66335],[-49.36809,-28.66323],[-49.36775,-28.66309],[-49.36755,-28.66305],[-49.36741,-28.66304],[-49.36656,-28.66302],[-49.36602,-28.66302],[-49.36581,-28.663],[-49.36566,-28.66292],[-49.36559,-28.66284],[-49.3655,-28.66272],[-49.36547,-28.66257],[-49.36549,-28.66245],[-49.36568,-28.66152],[-49.3657,-28.66143],[-49.36575,-28.66134],[-49.36582,-28.66129],[-49.36591,-28.66124],[-49.36649,-28.661],[-49.36666,-28.66093],[-49.36683,-28.66087],[-49.367,-28.66085],[-49.36747,-28.66085],[-49.3685,-28.66084],[-49.3687,-28.6608],[-49.36882,-28.66072],[-49.36892,-28.6606],[-49.369,-28.66047],[-49.36864,-28.66034],[-49.36823,-28.66013],[-49.36772,-28.65978],[-49.36739,-28.65956],[-49.36706,-28.65937],[-49.36604,-28.65885],[-49.36576,-28.65871],[-49.36539,-28.65853],[-49.36456,-28.6581],[-49.36421,-28.65791],[-49.36389,-28.65775],[-49.36346,-28.65748],[-49.36281,-28.65717],[-49.36194,-28.65668],[-49.36136,-28.65721],[-49.36063,-28.65787],[-49.35472,-28.66288],[-49.35462,-28.66275],[-49.3441,-28.66273],[-49.3442,-28.66913],[-49.3442,-28.66916],[-49.3442,-28.6698],[-49.3442,-28.67052],[-49.3442,-28.67125],[-49.34423,-28.67124],[-49.34765,-28.67121],[-49.34769,-28.67121],[-49.34773,-28.67121],[-49.35108,-28.67111],[-49.35111,-28.67111],[-49.35115,-28.67111],[-49.35416,-28.67111],[-49.35612,-28.67109]]]}},{"type":"Feature","id":"4204608018","properties":{"id":"4204608018","name":"Operária Nova","city":"Criciúma","cityCode":"4204608"},"geometry":{"type":"Polygon","coordinates":[[[-49.38627,-28.67275],[-49.38597,-28.67277],[-49.38578,-28.67286],[-49.38554,-28.67297],[-49.38495,-28.67338],[-49.38474,-28.67357],[-49.38425,-28.67402],[-49.38391,-28.67434],[-49.38289,-28.6753],[-49.38184,-28.67632],[-49.38157,-28.67659],[-49.38115,-28.67708],[-49.38075,-28.67761],[-49.38066,-28.67774],[-49.38066,-28.67774],[-49.38018,-28.67838],[-49.37973,-28.67897],[-49.37926,-28.67941],[-49.37893,-28.67971],[-49.37833,-28.68027],[-49.37974,-28.68115],[-49.37983,-28.68122],[-49.37997,-28.68131],[-49.38017,-28.68146],[-49.38093,-28.68152],[-49.38113,-28.68153],[-49.38281,-28.68159],[-49.38318,-28.68159],[-49.38359,-28.68163],[-49.38401,-28.68171],[-49.38435,-28.68183],[-49.38457,-28.6819],[-49.38457,-28.6819],[-49.38475,-28.68198],[-49.38515,-28.68218],[-49.38555,-28.68245],[-49.38629,-28.68173],[-49.38679,-28.68125],[-49.3873,-28.68077],[-49.38781,-28.68029],[-49.38879,-28.67938],[-49.38929,-28.67888],[-49.38977,-28.67841],[-49.39027,-28.67792],[-49.39076,-28.67744],[-49.39126,-28.67697],[-49.39177,-28.67649],[-49.39228,-28.67601],[-49.39278,-28.67552],[-49.39357,-28.67477],[-49.39269,-28.67439],[-49.39233,-28.67424],[-49.39134,-28.67382],[-49.3908,-28.6736],[-49.3903,-28.67338],[-49.38975,-28.67313],[-49.38915,-28.67291],[-49.38899,-28.67288],[-49.38843,-28.67281],[-49.38831,-28.67279],[-49.38709,-28.67269],[-49.38681,-28.67271],[-49.38671,-28.67275],[-49.38661,-28.67273],[-49.38644,-28.67271],[-49.38627,-28.67275]]]}},{"type":"Feature","id":"4204608070","properties":{"id":"4204608070","name":"Vila Floresta I","city":"Criciúma","cityCode":"4204608"},"geometry":{"type":"Polygon","coordinates":[[[-49.41232,-28.67301],[-49.41263,-28.67301],[-49.41253,-28.67292],[-49.41232,-28.67264],[-49.4121,-28.67236],[-49.41184,-28.67214],[-49.4116,-28.67194],[-49.41141,-28.6718],[-49.41122,-28.67166],[-49.41104,-28.67154],[-49.41076,-28.67145],[-49.41047,-28.67138],[-49.41025,-28.6713],[-49.41009,-28.67124],[-49.40989,-28.67119],[-49.40989,-28.67113],[-49.40989,-28.67102],[-49.40982,-28.67096],[-49.40974,-28.67102],[-49.40963,-28.67098],[-49.40954,-28.67088],[-49.40943,-28.67095],[-49.40933,-28.67098],[-49.40925,-28.67095],[-49.40927,-28.67089],[-49.40933,-28.6708],[-49.40916,-28.67076],[-49.40887,-28.67072],[-49.40836,-28.67059],[-49.4081,-28.67054],[-49.40778,-28.67043],[-49.40722,-28.67026],[-49.40688,-28.67013],[-49.40633,-28.66992],[-49.40524,-28.66935],[-49.40501,-28.66925],[-49.40491,-28.66925],[-49.40467,-28.6691],[-49.40417,-28.66886],[-49.40365,-28.66873],[-49.40283,-28.66873],[-49.40224,-28.66873],[-49.40222,-28.67068],[-49.4022,-28.67299],[-49.40219,-28.67585],[-49.40322,-28.67566],[-49.4036,-28.67558],[-49.40467,-28.67539],[-49.40517,-28.67529],[-49.40549,-28.67523],[-49.40583,-28.67519],[-49.40623,-28.67518],[-49.40646,-28.67518],[-49.40676,-28.67522],[-49.40706,-28.67526],[-49.40782,-28.67543],[-49.4082,-28.67554],[-49.40966,-28.67592],[-49.40966,-28.67437],[-49.41059,-28.67395],[-49.41112,-28.67353],[-49.41209,-28.6731],[-49.41232,-28.67301]]]}},{"type":"Feature","id":"4204608034","properties":{"id":"4204608034","name":"Recanto Verde","city":"Criciúma","cityCode":"4204608"},"geometry":{"type":"Polygon","coordinates":[[[-49.3787,-28.70233],[-49.37851,-28.70233],[-49.37843,-28.70232],[-49.37729,-28.70232],[-49.37601,-28.70233],[-49.37375,-28.70233],[-49.37344,-28.70232],[-49.37266,-28.70232],[-49.37103,-28.70233],[-49.36966,-28.70231],[-49.36883,-28.7023],[-49.36883,-28.7025],[-49.36883,-28.70339],[-49.3688,-28.70537],[-49.36878,-28.70683],[-49.36882,-28.70786],[-49.36883,-28.70868],[-49.36887,-28.70891],[-49.36891,-28.70905],[-49.36894,-28.70914],[-49.36892,-28.70921],[-49.36889,-28.70926],[-49.36884,-28.70941],[-49.36881,-28.7097],[-49.3688,-28.71052],[-49.36973,-28.71054],[-49.37129,-28.71055],[-49.37223,-28.71055],[-49.37283,-28.71056],[-49.37373,-28.71057],[-49.37505,-28.71059],[-49.37554,-28.71057],[-49.37642,-28.71058],[-49.37728,-28.7106],[-49.37809,-28.7106],[-49.37893,-28.71059],[-49.37993,-28.71057],[-49.38289,-28.71058],[-49.38274,-28.70237],[-49.38274,-28.70233],[-49.38238,-28.70236],[-49.38127,-28.70234],[-49.38028,-28.70234],[-49.37918,-28.70233],[-49.37908,-28.70233],[-49.37875,-28.70234],[-49.3787,-28.70233]]]}},{"type":"Feature","id":"4204608063","properties":{"id":"4204608063","name":"Linha Cabral","city":"Criciúma","cityCode":"4204608"},"geometry":{"type":"Polygon","coordinates":[[[-49.3161,-28.64124],[-49.31599,-28.64123],[-49.3159,-28.64121],[-49.31582,-28.6412],[-49.31576,-28.64121],[-49.31566,-28.64123],[-49.31557,-28.64123],[-49.31531,-28.64119],[-49.31522,-28.64118],[-49.31508,-28.6412],[-49.31494,-28.64121],[-49.31487,-28.64122],[-49.31481,-28.64121],[-49.31473,-28.64121],[-49.31471,-28.64121],[-49.31461,-28.64123],[-49.31446,-28.64121],[-49.31421,-28.6412],[-49.31415,-28.6412],[-49.31403,-28.64123],[-49.31382,-28.64125],[-49.31311,-28.64128],[-49.31295,-28.64127],[-49.31288,-28.64128],[-49.31284,-28.64128],[-49.31279,-28.64127],[-49.3125,-28.64127],[-49.31208,-28.64127],[-49.31189,-28.64127],[-49.31171,-28.64127],[-49.31156,-28.64129],[-49.31146,-28.64127],[-49.31143,-28.64127],[-49.31138,-28.64127],[-49.31125,-28.64129],[-49.31121,-28.6413],[-49.31116,-28.64134],[-49.31113,-28.64138],[-49.31077,-28.64215],[-49.31071,-28.64226],[-49.31069,-28.64235],[-49.31066,-28.64243],[-49.31063,-28.64247],[-49.3106,-28.64248],[-49.31055,-28.64248],[-49.3105,-28.64247],[-49.3104,-28.64247],[-49.31037,-28.64248],[-49.31034,-28.6425],[-49.3103,-28.64254],[-49.31003,-28.64288],[-49.30998,-28.64293],[-49.30992,-28.64297],[-49.30988,-28.64299],[-49.30983,-28.643],[-49.30978,-28.643],[-49.30974,-28.64297],[-49.3097,-28.64294],[-49.30966,-28.64291],[-49.30962,-28.64288],[-49.30959,-28.64286],[-49.30955,-28.64286],[-49.30954,-28.64286],[-49.3095,-28.64287],[-49.30934,-28.64293],[-49.30929,-28.64297],[-49.30928,-28.64298],[-49.30922,-28.64301],[-49.30908,-28.643],[-49.30901,-28.64298],[-49.30889,-28.64295],[-49.3088,-28.64294],[-49.30867,-28.64294],[-49.30853,-28.64294],[-49.30837,-28.64295],[-49.30822,-28.64296],[-49.30803,-28.64297],[-49.30795,-28.64296],[-49.30786,-28.64296],[-49.30771,-28.64296],[-49.30748,-28.643],[-49.30724,-28.64309],[-49.30731,-28.64743],[-49.30734,-28.64748],[-49.30739,-28.64752],[-49.30956,-28.64749],[-49.30955,-28.64692],[-49.30955,-28.64657],[-49.31207,-28.64656],[-49.31208,-28.64688],[-49.31206,-28.6475],[-49.31607,-28.64741],[-49.31603,-28.64764],[-49.31603,-28.64786],[-49.31612,-28.64875],[-49.31617,-28.64932],[-49.31615,-28.65],[-49.31616,-28.65099],[-49.32948,-28.65116],[-49.33316,-28.65121],[-49.33314,-28.64988],[-49.33316,-28.64648],[-49.33317,-28.64115],[-49.33289,-28.64081],[-49.33284,-28.64076],[-49.33278,-28.64072],[-49.33273,-28.6407],[-49.33271,-28.64068],[-49.33267,-28.64067],[-49.33262,-28.64066],[-49.33259,-28.64066],[-49.33255,-28.64065],[-49.33248,-28.64061],[-49.33248,-28.64061],[-49.33246,-28.64059],[-49.33245,-28.64056],[-49.33244,-28.64053],[-49.33244,-28.64046],[-49.33244,-28.64044],[-49.33244,-28.64042],[-49.33245,-28.64039],[-49.33247,-28.64037],[-49.33248,-28.64035],[-49.3325,-28.64033],[-49.33251,-28.64032],[-49.33251,-28.64032],[-49.33251,-28.6403],[-49.33249,-28.6402],[-49.33247,-28.64015],[-49.33244,-28.64009],[-49.33242,-28.64001],[-49.33235,-28.63985],[-49.33232,-28.63961],[-49.33213,-28.63951],[-49.33201,-28.63948],[-49.33191,-28.63945],[-49.33172,-28.63949],[-49.33167,-28.63951],[-49.3316,-28.63953],[-49.33155,-28.63956],[-49.33147,-28.63962],[-49.33141,-28.63966],[-49.33136,-28.63966],[-49.33129,-28.63965],[-49.33116,-28.63963],[-49.33104,-28.63957],[-49.33088,-28.63951],[-49.33079,-28.63947],[-49.33072,-28.63943],[-49.33065,-28.63943],[-49.33061,-28.63943],[-49.33057,-28.63946],[-49.33055,-28.63949],[-49.33055,-28.63954],[-49.33052,-28.6396],[-49.33047,-28.63964],[-49.33042,-28.63966],[-49.33018,-28.6397],[-49.33002,-28.63974],[-49.32991,-28.63979],[-49.32984,-28.63984],[-49.3298,-28.63987],[-49.32972,-28.63995],[-49.32969,-28.63998],[-49.32968,-28.64001],[-49.32968,-28.64005],[-49.32968,-28.6401],[-49.32967,-28.64015],[-49.32966,-28.64017],[-49.32964,-28.64019],[-49.32957,-28.64019],[-49.32932,-28.6402],[-49.32924,-28.64021],[-49.32918,-28.64022],[-49.32915,-28.64024],[-49.32891,-28.64041],[-49.32887,-28.64045],[-49.32886,-28.64049],[-49.32885,-28.64053],[-49.32885,-28.64058],[-49.32886,-28.64061],[-49.32887,-28.64064],[-49.3289,-28.64066],[-49.32893,-28.64068],[-49.32896,-28.6407],[-49.32895,-28.6408],[-49.32894,-28.64086],[-49.32887,-28.64095],[-49.3288,-28.64101],[-49.32871,-28.64104],[-49.32859,-28.64105],[-49.32786,-28.64111],[-49.32769,-28.6411],[-49.32758,-28.64115],[-49.3275,-28.64123],[-49.32744,-28.64131],[-49.32737,-28.64141],[-49.32732,-28.64148],[-49.32722,-28.64153],[-49.32712,-28.64159],[-49.32695,-28.64163],[-49.32676,-28.64164],[-49.3266,-28.64163],[-49.3265,-28.64161],[-49.3264,-28.64156],[-49.32623,-28.64145],[-49.32617,-28.64143],[-49.32612,-28.64144],[-49.32598,-28.64149],[-49.32594,-28.64151],[-49.32589,-28.64153],[-49.32584,-28.64153],[-49.32579,-28.64153],[-49.32575,-28.64151],[-49.32566,-28.64146],[-49.32557,-28.64142],[-49.32553,-28.6414],[-49.32547,-28.64139],[-49.32543,-28.64138],[-49.3254,-28.64138],[-49.32533,-28.6414],[-49.32527,-28.64142],[-49.3252,-28.64146],[-49.32518,-28.6415],[-49.32516,-28.64156],[-49.32516,-28.64162],[-49.32515,-28.64168],[-49.32515,-28.64173],[-49.32515,-28.64179],[-49.32516,-28.64181],[-49.32518,-28.64184],[-49.32516,-28.64186],[-49.32511,-28.6419],[-49.32495,-28.64193],[-49.32482,-28.64196],[-49.32477,-28.64196],[-49.32474,-28.64196],[-49.32473,-28.64194],[-49.32472,-28.64189],[-49.32473,-28.64181],[-49.32473,-28.64176],[-49.3247,-28.64175],[-49.32467,-28.64175],[-49.32455,-28.64179],[-49.32452,-28.64182],[-49.32449,-28.64187],[-49.32447,-28.6419],[-49.32445,-28.64195],[-49.3244,-28.64237],[-49.32438,-28.64241],[-49.32434,-28.64244],[-49.32427,-28.64246],[-49.32421,-28.64245],[-49.32416,-28.64243],[-49.32412,-28.6424],[-49.32408,-28.64238],[-49.32405,-28.64237],[-49.32402,-28.64237],[-49.32397,-28.64237],[-49.32391,-28.64236],[-49.32388,-28.64234],[-49.32385,-28.64233],[-49.32381,-28.64229],[-49.32376,-28.64228],[-49.32364,-28.64227],[-49.3236,-28.64225],[-49.32358,-28.64222],[-49.32356,-28.64212],[-49.32352,-28.64205],[-49.32348,-28.64199],[-49.32343,-28.64198],[-49.32338,-28.64198],[-49.32328,-28.64198],[-49.32314,-28.642],[-49.32312,-28.64201],[-49.3231,-28.64201],[-49.32308,-28.64206],[-49.32307,-28.6421],[-49.32304,-28.64212],[-49.32301,-28.64212],[-49.32299,-28.64212],[-49.32296,-28.64206],[-49.32293,-28.642],[-49.32286,-28.64192],[-49.32277,-28.64183],[-49.32272,-28.64179],[-49.3227,-28.6418],[-49.32268,-28.64184],[-49.32268,-28.64187],[-49.32268,-28.64203],[-49.32267,-28.64206],[-49.32265,-28.64208],[-49.32261,-28.6421],[-49.32259,-28.6421],[-49.32254,-28.64209],[-49.32247,-28.64209],[-49.32239,-28.64205],[-49.32229,-28.64199],[-49.3222,-28.64193],[-49.32207,-28.64184],[-49.32198,-28.64182],[-49.32182,-28.6418],[-49.32173,-28.64181],[-49.32164,-28.64185],[-49.32159,-28.6419],[-49.32155,-28.64197],[-49.32151,-28.64204],[-49.32145,-28.64208],[-49.32139,-28.64209],[-49.32129,-28.64208],[-49.32123,-28.64206],[-49.32118,-28.64201],[-49.32113,-28.64196],[-49.32106,-28.64189],[-49.321,-28.64187],[-49.32095,-28.64184],[-49.32091,-28.64181],[-49.32089,-28.64176],[-49.32088,-28.64169],[-49.32086,-28.64162],[-49.32085,-28.64155],[-49.32083,-28.64155],[-49.32081,-28.64157],[-49.32079,-28.64163],[-49.32077,-28.64169],[-49.32076,-28.64174],[-49.32074,-28.64178],[-49.32069,-28.64181],[-49.32065,-28.64183],[-49.32059,-28.64183],[-49.32052,-28.64186],[-49.32049,-28.64187],[-49.32044,-28.64187],[-49.32038,-28.64188],[-49.32027,-28.64188],[-49.3202,-28.64188],[-49.32014,-28.64192],[-49.32007,-28.64194],[-49.32004,-28.64197],[-49.32004,-28.64199],[-49.32004,-28.64207],[-49.32003,-28.6421],[-49.32,-28.64213],[-49.31991,-28.64217],[-49.31959,-28.64228],[-49.31946,-28.64231],[-49.31942,-28.6423],[-49.31938,-28.64229],[-49.31936,-28.64229],[-49.31929,-28.64225],[-49.3192,-28.64221],[-49.31914,-28.64217],[-49.31906,-28.64212],[-49.319,-28.64208],[-49.31892,-28.64202],[-49.31888,-28.64198],[-49.31887,-28.64197],[-49.31883,-28.64196],[-49.31879,-28.64196],[-49.31877,-28.64198],[-49.31875,-28.64207],[-49.31873,-28.64214],[-49.3187,-28.6422],[-49.31863,-28.64223],[-49.31857,-28.64223],[-49.3185,-28.6422],[-49.31828,-28.64208],[-49.3182,-28.64199],[-49.31819,-28.64199],[-49.31815,-28.64192],[-49.31814,-28.64183],[-49.31811,-28.64176],[-49.31809,-28.6417],[-49.31806,-28.64166],[-49.31801,-28.64163],[-49.31796,-28.64163],[-49.31792,-28.64161],[-49.31785,-28.64159],[-49.31778,-28.64157],[-49.31774,-28.64154],[-49.31771,-28.64152],[-49.31771,-28.64149],[-49.31771,-28.64145],[-49.31767,-28.6414],[-49.31761,-28.6414],[-49.31754,-28.64141],[-49.31727,-28.64148],[-49.31721,-28.6415],[-49.31716,-28.64154],[-49.31713,-28.64156],[-49.31711,-28.64159],[-49.31707,-28.64161],[-49.31704,-28.6416],[-49.31697,-28.64157],[-49.31694,-28.64154],[-49.31693,-28.64152],[-49.31691,-28.64149],[-49.3169,-28.64146],[-49.3169,-28.64142],[-49.31702,-28.6411],[-49.31701,-28.64107],[-49.317,-28.64102],[-49.31699,-28.64099],[-49.31697,-28.64098],[-49.31694,-28.64097],[-49.3169,-28.64097],[-49.31684,-28.64098],[-49.31676,-28.64102],[-49.31653,-28.64113],[-49.31646,-28.64116],[-49.31642,-28.64118],[-49.31641,-28.64119],[-49.31637,-28.64122],[-49.31634,-28.64124],[-49.31625,-28.64125],[-49.31617,-28.64125],[-49.3161,-28.64124]]]}},{"type":"Feature","id":"4204608038","properties":{"id":"4204608038","name":"Primeira Linha","city":"Criciúma","cityCode":"4204608"},"geometry":{"type":"Polygon","coordinates":[[[-49.38289,-28.71058],[-49.37993,-28.71057],[-49.37893,-28.71059],[-49.37809,-28.7106],[-49.37728,-28.7106],[-49.37642,-28.71058],[-49.37554,-28.71057],[-49.37505,-28.71059],[-49.37373,-28.71057],[-49.37283,-28.71056],[-49.37223,-28.71055],[-49.37129,-28.71055],[-49.36973,-28.71054],[-49.3688,-28.71052],[-49.36882,-28.7112],[-49.36882,-28.71212],[-49.36887,-28.71255],[-49.36901,-28.71298],[-49.36931,-28.71358],[-49.36964,-28.71418],[-49.36978,-28.71453],[-49.36983,-28.71485],[-49.36989,-28.71562],[-49.36997,-28.71675],[-49.37003,-28.71755],[-49.37006,-28.71803],[-49.3701,-28.71861],[-49.3701,-28.71868],[-49.37011,-28.71881],[-49.37011,-28.71884],[-49.37012,-28.71888],[-49.37012,-28.71902],[-49.37013,-28.71918],[-49.37014,-28.71921],[-49.37015,-28.71934],[-49.37016,-28.71942],[-49.37025,-28.721],[-49.37028,-28.72144],[-49.37044,-28.72364],[-49.37053,-28.72488],[-49.37056,-28.72531],[-49.37069,-28.72725],[-49.37075,-28.72819],[-49.37126,-28.72822],[-49.37153,-28.72825],[-49.37195,-28.72826],[-49.37232,-28.72827],[-49.3731,-28.7283],[-49.37386,-28.72831],[-49.37456,-28.72832],[-49.37524,-28.72835],[-49.37591,-28.72838],[-49.37653,-28.7284],[-49.37684,-28.72841],[-49.37776,-28.72842],[-49.37779,-28.72843],[-49.37781,-28.72843],[-49.37833,-28.72844],[-49.37837,-28.72844],[-49.37841,-28.72844],[-49.37962,-28.72846],[-49.38095,-28.72847],[-49.38553,-28.72873],[-49.38558,-28.72873],[-49.38555,-28.73137],[-49.38686,-28.7316],[-49.38687,-28.7288],[-49.39105,-28.72887],[-49.39149,-28.71957],[-49.39194,-28.71063],[-49.3898,-28.71065],[-49.38289,-28.71058]]]}},{"type":"Feature","id":"4204608024","properties":{"id":"4204608024","name":"Ceará","city":"Criciúma","cityCode":"4204608"},"geometry":{"type":"Polygon","coordinates":[[[-49.35527,-28.68293],[-49.35522,-28.68289],[-49.35516,-28.68288],[-49.35515,-28.68288],[-49.3551,-28.68289],[-49.35505,-28.68293],[-49.35433,-28.68292],[-49.35376,-28.68292],[-49.35306,-28.68291],[-49.35276,-28.68289],[-49.35243,-28.68287],[-49.35218,-28.68287],[-49.35167,-28.68286],[-49.34971,-28.68283],[-49.34965,-28.68282],[-49.34958,-28.68283],[-49.34758,-28.68279],[-49.34737,-28.68282],[-49.34712,-28.68288],[-49.34694,-28.68297],[-49.34678,-28.68306],[-49.34663,-28.68317],[-49.3464,-28.68327],[-49.3462,-28.68344],[-49.34608,-28.6836],[-49.34591,-28.68386],[-49.34577,-28.68414],[-49.34565,-28.68438],[-49.34554,-28.68442],[-49.34543,-28.68439],[-49.34536,-28.68434],[-49.34535,-28.68458],[-49.34539,-28.68476],[-49.34547,-28.68485],[-49.34563,-28.68494],[-49.34575,-28.685],[-49.34585,-28.68505],[-49.34592,-28.68518],[-49.34657,-28.68604],[-49.3474,-28.68717],[-49.3477,-28.68759],[-49.34777,-28.68765],[-49.34792,-28.68776],[-49.34806,-28.68783],[-49.34794,-28.68785],[-49.34788,-28.6879],[-49.34801,-28.68812],[-49.34822,-28.68845],[-49.34887,-28.68927],[-49.34904,-28.68949],[-49.34925,-28.6898],[-49.35061,-28.69167],[-49.35075,-28.69186],[-49.35128,-28.69259],[-49.35314,-28.69515],[-49.35366,-28.69586],[-49.35383,-28.69603],[-49.35392,-28.69608],[-49.3543,-28.69614],[-49.35481,-28.69614],[-49.35598,-28.69615],[-49.35801,-28.69616],[-49.35894,-28.69618],[-49.35895,-28.69613],[-49.35898,-28.68769],[-49.35899,-28.68751],[-49.35902,-28.68713],[-49.35918,-28.6869],[-49.35936,-28.68654],[-49.35942,-28.68642],[-49.35957,-28.68627],[-49.3597,-28.68612],[-49.35984,-28.68594],[-49.36004,-28.68577],[-49.36016,-28.68567],[-49.3614,-28.68453],[-49.36135,-28.68452],[-49.35699,-28.68446],[-49.357,-28.68306],[-49.357,-28.68302],[-49.357,-28.68302],[-49.357,-28.68299],[-49.357,-28.68296],[-49.357,-28.68293],[-49.35603,-28.68293],[-49.35533,-28.68293],[-49.35527,-28.68293]]]}},{"type":"Feature","id":"4204608030","properties":{"id":"4204608030","name":"Bosque do Repouso","city":"Criciúma","cityCode":"4204608"},"geometry":{"type":"Polygon","coordinates":[[[-49.3603,-28.70951],[-49.36081,-28.70944],[-49.36182,-28.70932],[-49.36262,-28.70921],[-49.36358,-28.70907],[-49.3643,-28.70898],[-49.365,-28.70889],[-49.36572,-28.7088],[-49.3665,-28.7087],[-49.36709,-28.70858],[-49.36762,-28.70843],[-49.36804,-28.70828],[-49.36842,-28.70811],[-49.36877,-28.70789],[-49.36882,-28.70786],[-49.36878,-28.70683],[-49.3688,-28.70537],[-49.36883,-28.70339],[-49.36883,-28.7025],[-49.36883,-28.7023],[-49.36884,-28.70174],[-49.36887,-28.70016],[-49.3689,-28.69859],[-49.3689,-28.69796],[-49.36754,-28.69795],[-49.36682,-28.69794],[-49.36556,-28.69795],[-49.36522,-28.69799],[-49.36488,-28.69806],[-49.36468,-28.69811],[-49.36431,-28.69824],[-49.36371,-28.69844],[-49.36356,-28.69847],[-49.36323,-28.69851],[-49.36268,-28.69863],[-49.36189,-28.69891],[-49.36162,-28.69907],[-49.36127,-28.69928],[-49.361,-28.69942],[-49.36078,-28.69944],[-49.3605,-28.69945],[-49.36041,-28.69944],[-49.36036,-28.69943],[-49.36035,-28.69943],[-49.36023,-28.69938],[-49.3601,-28.69925],[-49.35992,-28.69901],[-49.35973,-28.69883],[-49.35954,-28.69869],[-49.3591,-28.69843],[-49.35886,-28.69831],[-49.35872,-28.69824],[-49.35839,-28.69808],[-49.35794,-28.69794],[-49.35762,-28.69791],[-49.35717,-28.69788],[-49.35688,-28.69791],[-49.35654,-28.69801],[-49.35634,-28.69808],[-49.35611,-28.69807],[-49.35588,-28.69804],[-49.35513,-28.69784],[-49.35509,-28.69789],[-49.35538,-28.69822],[-49.35548,-28.69839],[-49.35572,-28.69892],[-49.35584,-28.69924],[-49.35588,-28.69945],[-49.35594,-28.69975],[-49.35597,-28.70006],[-49.35599,-28.70035],[-49.35602,-28.70078],[-49.35601,-28.70166],[-49.356,-28.70268],[-49.356,-28.70333],[-49.35598,-28.70547],[-49.35598,-28.70606],[-49.35599,-28.70645],[-49.35599,-28.70662],[-49.35607,-28.70675],[-49.35628,-28.70732],[-49.35642,-28.70758],[-49.35657,-28.7078],[-49.35673,-28.70804],[-49.35696,-28.70831],[-49.35722,-28.70858],[-49.35746,-28.70882],[-49.35777,-28.70903],[-49.35804,-28.7092],[-49.35822,-28.7093],[-49.35869,-28.70952],[-49.35899,-28.70968],[-49.35905,-28.70967],[-49.35944,-28.70962],[-49.3603,-28.70951]]]}},{"type":"Feature","id":"4204608025","properties":{"id":"4204608025","name":"São Francisco","city":"Criciúma","cityCode":"4204608"},"geometry":{"type":"Polygon","coordinates":[[[-49.41429,-28.69256],[-49.41435,-28.69246],[-49.41442,-28.69232],[-49.41446,-28.69227],[-49.41449,-28.69224],[-49.41456,-28.69218],[-49.41472,-28.6921],[-49.4149,-28.69202],[-49.41517,-28.69185],[-49.41523,-28.69179],[-49.41533,-28.6917],[-49.41549,-28.69151],[-49.41561,-28.6914],[-49.41569,-28.6913],[-49.4158,-28.69111],[-49.41596,-28.69082],[-49.41609,-28.69059],[-49.41611,-28.69056],[-49.41613,-28.69055],[-49.4162,-28.69049],[-49.41625,-28.69046],[-49.41637,-28.69031],[-49.41643,-28.69021],[-49.41647,-28.69011],[-49.41647,-28.69005],[-49.41646,-28.69],[-49.41644,-28.68992],[-49.41641,-28.68988],[-49.41637,-28.68979],[-49.41635,-28.68973],[-49.41631,-28.68955],[-49.4163,-28.68945],[-49.41626,-28.68925],[-49.4162,-28.68908],[-49.4161,-28.68886],[-49.41604,-28.6887],[-49.41596,-28.6885],[-49.41593,-28.6884],[-49.41591,-28.6883],[-49.41591,-28.68809],[-49.41592,-28.68802],[-49.41593,-28.688],[-49.41594,-28.68798],[-49.416,-28.68772],[-49.41607,-28.68752],[-49.41613,-28.68742],[-49.41617,-28.68735],[-49.4163,-28.68717],[-49.41642,-28.68703],[-49.41649,-28.68695],[-49.41654,-28.68687],[-49.41666,-28.68661],[-49.41669,-28.68655],[-49.41673,-28.68643],[-49.41676,-28.6863],[-49.41679,-28.68607],[-49.4168,-28.68588],[-49.41679,-28.68579],[-49.41678,-28.68569],[-49.41679,-28.68565],[-49.41681,-28.68562],[-49.41684,-28.6856],[-49.41682,-28.68553],[-49.41681,-28.68546],[-49.41678,-28.68538],[-49.41671,-28.68524],[-49.41659,-28.68507],[-49.41646,-28.68487],[-49.41632,-28.68469],[-49.41625,-28.68461],[-49.41614,-28.68449],[-49.41603,-28.68438],[-49.41595,-28.68428],[-49.4159,-28.68423],[-49.41587,-28.6842],[-49.41579,-28.68414],[-49.41573,-28.6841],[-49.41571,-28.68408],[-49.41564,-28.684],[-49.4156,-28.68396],[-49.41559,-28.68393],[-49.41553,-28.68383],[-49.41549,-28.68379],[-49.41546,-28.68375],[-49.41524,-28.6836],[-49.41506,-28.68349],[-49.41503,-28.68347],[-49.41501,-28.68344],[-49.41497,-28.6834],[-49.41495,-28.68336],[-49.41494,-28.6833],[-49.41494,-28.68326],[-49.41495,-28.68319],[-49.41501,-28.68305],[-49.41509,-28.68286],[-49.41511,-28.68277],[-49.41431,-28.68277],[-49.41425,-28.68308],[-49.41419,-28.6834],[-49.4141,-28.68376],[-49.41398,-28.6841],[-49.41396,-28.68415],[-49.41387,-28.68435],[-49.41366,-28.68471],[-49.4134,-28.68505],[-49.41307,-28.68539],[-49.41267,-28.68574],[-49.41225,-28.68601],[-49.41163,-28.68636],[-49.41101,-28.68672],[-49.41001,-28.68728],[-49.40893,-28.68788],[-49.40851,-28.68812],[-49.40734,-28.68878],[-49.40717,-28.68889],[-49.40668,-28.68917],[-49.40684,-28.68933],[-49.40711,-28.68961],[-49.40739,-28.68989],[-49.40755,-28.69005],[-49.4076,-28.69011],[-49.40766,-28.69018],[-49.40793,-28.69046],[-49.40801,-28.69054],[-49.40806,-28.69059],[-49.40815,-28.69068],[-49.40843,-28.69095],[-49.40852,-28.69103],[-49.40861,-28.69114],[-49.4087,-28.69127],[-49.40885,-28.69152],[-49.40889,-28.69159],[-49.40891,-28.69166],[-49.40893,-28.6917],[-49.40927,-28.69137],[-49.41305,-28.69459],[-49.41306,-28.69419],[-49.41307,-28.69407],[-49.41309,-28.69402],[-49.41314,-28.69394],[-49.41319,-28.69388],[-49.41324,-28.69384],[-49.41329,-28.69381],[-49.41364,-28.69364],[-49.4138,-28.69354],[-49.41393,-28.69343],[-49.41402,-28.69333],[-49.41405,-28.69326],[-49.41407,-28.6932],[-49.41411,-28.69299],[-49.41419,-28.69275],[-49.41429,-28.69256]]]}},{"type":"Feature","id":"4204608016","properties":{"id":"4204608016","name":"São Cristóvão","city":"Criciúma","cityCode":"4204608"},"geometry":{"type":"Polygon","coordinates":[[[-49.36107,-28.67999],[-49.36047,-28.67938],[-49.35989,-28.67883],[-49.35983,-28.67879],[-49.3596,-28.67862],[-49.35925,-28.67843],[-49.35889,-28.67826],[-49.35854,-28.67811],[-49.35814,-28.67794],[-49.35782,-28.67782],[-49.35765,-28.67777],[-49.35739,-28.6777],[-49.35714,-28.67764],[-49.35689,-28.6776],[-49.3566,-28.67758],[-49.35621,-28.67759],[-49.35622,-28.67763],[-49.35622,-28.6777],[-49.35622,-28.67775],[-49.35621,-28.67786],[-49.35621,-28.67791],[-49.35619,-28.67816],[-49.3562,-28.67847],[-49.35619,-28.67878],[-49.35618,-28.67908],[-49.35618,-28.6795],[-49.35616,-28.68],[-49.35617,-28.68033],[-49.35553,-28.68092],[-49.35561,-28.68099],[-49.35608,-28.68139],[-49.35618,-28.68147],[-49.35654,-28.68177],[-49.357,-28.68216],[-49.357,-28.6822],[-49.357,-28.68287],[-49.357,-28.6829],[-49.357,-28.68293],[-49.357,-28.68296],[-49.357,-28.68299],[-49.357,-28.68302],[-49.357,-28.68302],[-49.357,-28.68306],[-49.35699,-28.68446],[-49.36135,-28.68452],[-49.3614,-28.68453],[-49.36261,-28.68339],[-49.36284,-28.6832],[-49.36433,-28.68183],[-49.36436,-28.68178],[-49.36458,-28.68159],[-49.36492,-28.68129],[-49.36512,-28.68108],[-49.36489,-28.68113],[-49.36448,-28.68121],[-49.36408,-28.68122],[-49.36386,-28.68122],[-49.36341,-28.68116],[-49.36312,-28.68111],[-49.36297,-28.68109],[-49.36269,-28.68099],[-49.36228,-28.68083],[-49.36203,-28.68071],[-49.3619,-28.68065],[-49.36141,-28.68029],[-49.36107,-28.67999]]]}},{"type":"Feature","id":"4204608033","properties":{"id":"4204608033","name":"Fábio Silva","city":"Criciúma","cityCode":"4204608"},"geometry":{"type":"Polygon","coordinates":[[[-49.37859,-28.69797],[-49.37794,-28.69798],[-49.37726,-28.69798],[-49.37658,-28.69799],[-49.3759,-28.69799],[-49.37513,-28.698],[-49.37456,-28.69801],[-49.37317,-28.69801],[-49.37183,-28.69799],[-49.37111,-28.69799],[-49.37057,-28.69799],[-49.3689,-28.69796],[-49.3689,-28.69859],[-49.36887,-28.70016],[-49.36884,-28.70174],[-49.36883,-28.7023],[-49.36966,-28.70231],[-49.37103,-28.70233],[-49.37266,-28.70232],[-49.37344,-28.70232],[-49.37375,-28.70233],[-49.37601,-28.70233],[-49.37729,-28.70232],[-49.37843,-28.70232],[-49.37851,-28.70233],[-49.3787,-28.70233],[-49.37875,-28.70234],[-49.37908,-28.70233],[-49.37918,-28.70233],[-49.38028,-28.70234],[-49.38127,-28.70234],[-49.38238,-28.70236],[-49.38274,-28.70233],[-49.38289,-28.70229],[-49.38315,-28.70215],[-49.38394,-28.70164],[-49.38419,-28.70147],[-49.38457,-28.70108],[-49.38508,-28.70061],[-49.38566,-28.70008],[-49.38508,-28.69961],[-49.38505,-28.69959],[-49.38447,-28.69911],[-49.38291,-28.7],[-49.38294,-28.69939],[-49.38294,-28.69913],[-49.38292,-28.69906],[-49.38286,-28.69903],[-49.38288,-28.69839],[-49.38287,-28.69771],[-49.38279,-28.69775],[-49.38128,-28.69772],[-49.37995,-28.6977],[-49.37995,-28.6977],[-49.37861,-28.69769],[-49.37859,-28.69797]]]}},{"type":"Feature","id":"4204608026","properties":{"id":"4204608026","name":"Lote Seis","city":"Criciúma","cityCode":"4204608"},"geometry":{"type":"Polygon","coordinates":[[[-49.37616,-28.66421],[-49.37594,-28.66409],[-49.37508,-28.66339],[-49.3737,-28.66224],[-49.37351,-28.66208],[-49.36792,-28.66706],[-49.36822,-28.6673],[-49.37068,-28.66926],[-49.3707,-28.66928],[-49.37149,-28.6699],[-49.37246,-28.67067],[-49.37279,-28.67037],[-49.37307,-28.67061],[-49.37351,-28.67097],[-49.3744,-28.67013],[-49.37482,-28.67049],[-49.37577,-28.66964],[-49.37531,-28.6693],[-49.37592,-28.66876],[-49.37664,-28.66812],[-49.37716,-28.66762],[-49.37812,-28.66672],[-49.3785,-28.66638],[-49.37861,-28.66631],[-49.37814,-28.66592],[-49.37789,-28.66572],[-49.37783,-28.66567],[-49.37744,-28.66534],[-49.37701,-28.66487],[-49.37687,-28.6647],[-49.37671,-28.6645],[-49.37639,-28.66431],[-49.37616,-28.66421]]]}},{"type":"Feature","id":"4204608054","properties":{"id":"4204608054","name":"Tereza Cristina","city":"Criciúma","cityCode":"4204608"},"geometry":{"type":"Polygon","coordinates":[[[-49.40525,-28.69328],[-49.40561,-28.69294],[-49.40626,-28.69232],[-49.40678,-28.69184],[-49.40732,-28.69135],[-49.40654,-28.69101],[-49.40728,-28.69031],[-49.40745,-28.69015],[-49.40755,-28.69005],[-49.40739,-28.68989],[-49.40711,-28.68961],[-49.40684,-28.68933],[-49.40668,-28.68917],[-49.40657,-28.68921],[-49.40522,-28.68998],[-49.40501,-28.69009],[-49.4047,-28.69027],[-49.40441,-28.69043],[-49.40404,-28.69067],[-49.40308,-28.69143],[-49.40208,-28.6922],[-49.40238,-28.69243],[-49.40241,-28.69244],[-49.40243,-28.69246],[-49.4028,-28.69275],[-49.40282,-28.69278],[-49.40328,-28.69317],[-49.40379,-28.69361],[-49.40438,-28.6941],[-49.40525,-28.69328]]]}},{"type":"Feature","id":"4204608032","properties":{"id":"4204608032","name":"São João","city":"Criciúma","cityCode":"4204608"},"geometry":{"type":"Polygon","coordinates":[[[-49.35395,-28.71035],[-49.35381,-28.71036],[-49.35325,-28.71043],[-49.35072,-28.71076],[-49.3498,-28.71089],[-49.34769,-28.71114],[-49.34566,-28.71142],[-49.34447,-28.71158],[-49.34444,-28.71158],[-49.3444,-28.71158],[-49.34423,-28.71161],[-49.34419,-28.71161],[-49.34418,-28.71204],[-49.34415,-28.71267],[-49.34418,-28.71309],[-49.34416,-28.7134],[-49.34413,-28.71388],[-49.34412,-28.7145],[-49.34413,-28.71497],[-49.34413,-28.7154],[-49.34416,-28.71587],[-49.34408,-28.71616],[-49.34405,-28.71628],[-49.34399,-28.71645],[-49.34396,-28.71659],[-49.34395,-28.71675],[-49.34395,-28.71716],[-49.34395,-28.71759],[-49.34393,-28.71781],[-49.34382,-28.71794],[-49.34372,-28.71801],[-49.34429,-28.71802],[-49.34473,-28.71805],[-49.34557,-28.71819],[-49.3462,-28.71821],[-49.34791,-28.71827],[-49.34923,-28.71833],[-49.35039,-28.71838],[-49.35295,-28.71846],[-49.35324,-28.71847],[-49.35394,-28.7185],[-49.35554,-28.71856],[-49.3556,-28.71856],[-49.35654,-28.7186],[-49.35771,-28.71864],[-49.35837,-28.71867],[-49.35892,-28.71869],[-49.35893,-28.71864],[-49.35911,-28.71479],[-49.35911,-28.71475],[-49.35915,-28.71372],[-49.35916,-28.7134],[-49.35916,-28.71322],[-49.35916,-28.71318],[-49.35917,-28.71294],[-49.35918,-28.71285],[-49.35918,-28.71281],[-49.35929,-28.7128],[-49.3593,-28.71227],[-49.35934,-28.71122],[-49.35934,-28.71105],[-49.35935,-28.71085],[-49.35946,-28.71058],[-49.35969,-28.71029],[-49.35978,-28.7102],[-49.35963,-28.71005],[-49.35949,-28.70994],[-49.35929,-28.70988],[-49.35909,-28.70976],[-49.35899,-28.70968],[-49.35893,-28.70969],[-49.35827,-28.70977],[-49.35763,-28.70985],[-49.35677,-28.70997],[-49.35583,-28.7101],[-49.35498,-28.7102],[-49.35395,-28.71035]]]}},{"type":"Feature","id":"4204608023","properties":{"id":"4204608023","name":"Michel","city":"Criciúma","cityCode":"4204608"},"geometry":{"type":"Polygon","coordinates":[[[-49.3759,-28.6894],[-49.37591,-28.68884],[-49.37591,-28.68821],[-49.37592,-28.68762],[-49.37592,-28.68699],[-49.37592,-28.68639],[-49.37593,-28.6858],[-49.37461,-28.68578],[-49.37461,-28.68578],[-49.37325,-28.68576],[-49.37192,-28.68576],[-49.36917,-28.68574],[-49.36917,-28.68582],[-49.36917,-28.68635],[-49.36917,-28.68673],[-49.36917,-28.68694],[-49.36917,-28.68753],[-49.36917,-28.68819],[-49.36918,-28.68877],[-49.36918,-28.68937],[-49.36918,-28.68945],[-49.36917,-28.69002],[-49.36916,-28.6907],[-49.36912,-28.69139],[-49.36911,-28.69166],[-49.3691,-28.69175],[-49.36911,-28.69184],[-49.36911,-28.69187],[-49.36911,-28.6919],[-49.36911,-28.69219],[-49.36911,-28.69221],[-49.36924,-28.6922],[-49.36947,-28.69219],[-49.36968,-28.6922],[-49.36998,-28.69217],[-49.37051,-28.69217],[-49.37186,-28.69218],[-49.37323,-28.69218],[-49.37457,-28.69218],[-49.37591,-28.69218],[-49.37591,-28.69141],[-49.37591,-28.69071],[-49.37592,-28.69003],[-49.3759,-28.6894]]]}},{"type":"Feature","id":"4204608074","properties":{"id":"4204608074","name":"Vila Francesa","city":"Criciúma","cityCode":"4204608"},"geometry":{"type":"Polygon","coordinates":[[[-49.41263,-28.67301],[-49.41232,-28.67301],[-49.41209,-28.6731],[-49.41112,-28.67353],[-49.41059,-28.67395],[-49.40966,-28.67437],[-49.40966,-28.67592],[-49.41302,-28.67679],[-49.41354,-28.67694],[-49.4135,-28.67645],[-49.41345,-28.67616],[-49.41342,-28.67588],[-49.41336,-28.67579],[-49.41329,-28.6757],[-49.41326,-28.67558],[-49.41328,-28.67546],[-49.41324,-28.67535],[-49.41322,-28.67522],[-49.41321,-28.67511],[-49.41313,-28.67492],[-49.41308,-28.67481],[-49.413,-28.67469],[-49.41295,-28.67448],[-49.41293,-28.67419],[-49.41287,-28.67395],[-49.4128,-28.67337],[-49.41279,-28.67325],[-49.41276,-28.67316],[-49.4127,-28.67307],[-49.41263,-28.67301]]]}},{"type":"Feature","id":"4204608013","properties":{"id":"4204608013","name":"Brasília","city":"Criciúma","cityCode":"4204608"},"geometry":{"type":"Polygon","coordinates":[[[-49.33822,-28.67199],[-49.33776,-28.67219],[-49.33749,-28.67234],[-49.33737,-28.67242],[-49.33729,-28.6725],[-49.33674,-28.67345],[-49.33578,-28.67513],[-49.33575,-28.67518],[-49.33574,-28.67301],[-49.33574,-28.67296],[-49.33492,-28.67296],[-49.33275,-28.67295],[-49.33273,-28.67515],[-49.33272,-28.67607],[-49.33271,-28.67725],[-49.3327,-28.67838],[-49.3327,-28.67924],[-49.33355,-28.67932],[-49.33391,-28.67935],[-49.33435,-28.6794],[-49.33468,-28.67941],[-49.33518,-28.67939],[-49.3355,-28.67938],[-49.33595,-28.67936],[-49.3363,-28.6793],[-49.33674,-28.67917],[-49.33739,-28.67896],[-49.33774,-28.67886],[-49.33806,-28.67875],[-49.33846,-28.67865],[-49.33859,-28.67866],[-49.33952,-28.67896],[-49.34007,-28.67914],[-49.34036,-28.67923],[-49.34079,-28.67942],[-49.34106,-28.67953],[-49.34126,-28.67961],[-49.34182,-28.67984],[-49.34197,-28.6799],[-49.34207,-28.67966],[-49.34212,-28.67944],[-49.34212,-28.6786],[-49.34213,-28.67733],[-49.34214,-28.67556],[-49.34263,-28.67557],[-49.34263,-28.67378],[-49.34263,-28.67316],[-49.34263,-28.67257],[-49.34264,-28.67196],[-49.34264,-28.67125],[-49.34217,-28.67124],[-49.34166,-28.67124],[-49.34106,-28.67124],[-49.34028,-28.67123],[-49.33947,-28.67122],[-49.339,-28.67123],[-49.33826,-28.67122],[-49.33824,-28.67131],[-49.33821,-28.67148],[-49.33821,-28.67172],[-49.33822,-28.67186],[-49.33822,-28.67199]]]}},{"type":"Feature","id":"4204608075","properties":{"id":"4204608075","name":"Vila Zuleima","city":"Criciúma","cityCode":"4204608"},"geometry":{"type":"Polygon","coordinates":[[[-49.39921,-28.66795],[-49.39921,-28.6679],[-49.39906,-28.66547],[-49.39891,-28.66316],[-49.39891,-28.66312],[-49.39845,-28.66306],[-49.39806,-28.66297],[-49.39781,-28.66297],[-49.3973,-28.66304],[-49.39693,-28.6631],[-49.39682,-28.66309],[-49.39629,-28.66292],[-49.39616,-28.66289],[-49.39594,-28.66298],[-49.39565,-28.66314],[-49.39578,-28.66316],[-49.39587,-28.66319],[-49.39599,-28.66342],[-49.39611,-28.66366],[-49.39626,-28.66393],[-49.39647,-28.66428],[-49.39677,-28.66523],[-49.39703,-28.66585],[-49.397,-28.66587],[-49.39634,-28.66613],[-49.39578,-28.66624],[-49.39566,-28.66624],[-49.39538,-28.66951],[-49.39606,-28.67012],[-49.39523,-28.67093],[-49.39519,-28.67172],[-49.39563,-28.67274],[-49.39638,-28.67443],[-49.39866,-28.67303],[-49.39976,-28.67298],[-49.39982,-28.67629],[-49.39995,-28.67627],[-49.39997,-28.67626],[-49.40098,-28.67607],[-49.402,-28.67588],[-49.40219,-28.67585],[-49.4022,-28.67299],[-49.40222,-28.67068],[-49.40224,-28.66873],[-49.40132,-28.66872],[-49.40088,-28.66874],[-49.40066,-28.6687],[-49.40047,-28.66867],[-49.40001,-28.66843],[-49.39951,-28.66813],[-49.39921,-28.66795]]]}},{"type":"Feature","id":"4204608062","properties":{"id":"4204608062","name":"Linha Batista","city":"Criciúma","cityCode":"4204608"},"geometry":{"type":"Polygon","coordinates":[[[-49.30354,-28.64261],[-49.30336,-28.64249],[-49.30252,-28.64229],[-49.3017,-28.64195],[-49.30103,-28.64148],[-49.29973,-28.64076],[-49.29862,-28.6402],[-49.29804,-28.63982],[-49.2979,-28.63941],[-49.29734,-28.63948],[-49.2972,-28.6395],[-49.29713,-28.6395],[-49.29706,-28.63949],[-49.29699,-28.63948],[-49.29693,-28.63948],[-49.29689,-28.63948],[-49.29642,-28.63963],[-49.29635,-28.63963],[-49.29625,-28.63963],[-49.29621,-28.63963],[-49.29613,-28.6396],[-49.29604,-28.63958],[-49.29593,-28.63956],[-49.29587,-28.63955],[-49.29584,-28.63954],[-49.29582,-28.63951],[-49.29569,-28.63919],[-49.29566,-28.63915],[-49.29562,-28.63915],[-49.29527,-28.63918],[-49.29521,-28.63917],[-49.29516,-28.63915],[-49.295,-28.6391],[-49.29495,-28.63909],[-49.29491,-28.63908],[-49.29489,-28.63906],[-49.29485,-28.63905],[-49.29485,-28.63903],[-49.29485,-28.63901],[-49.29485,-28.63898],[-49.29485,-28.63895],[-49.29482,-28.63892],[-49.29478,-28.6389],[-49.29446,-28.63877],[-49.29412,-28.63859],[-49.29402,-28.63852],[-49.29394,-28.63847],[-49.29389,-28.63844],[-49.29384,-28.63843],[-49.2938,-28.63842],[-49.29374,-28.6384],[-49.2937,-28.63838],[-49.29364,-28.63838],[-49.29294,-28.63839],[-49.29187,-28.63839],[-49.29086,-28.63841],[-49.29065,-28.63841],[-49.29055,-28.63843],[-49.29034,-28.63847],[-49.29022,-28.63852],[-49.29012,-28.63856],[-49.29009,-28.63857],[-49.29003,-28.63859],[-49.29,-28.63861],[-49.28999,-28.63862],[-49.28963,-28.63893],[-49.28958,-28.63896],[-49.28953,-28.63899],[-49.28949,-28.63901],[-49.28942,-28.63904],[-49.28936,-28.63906],[-49.28928,-28.63909],[-49.28923,-28.6391],[-49.28916,-28.63911],[-49.28905,-28.63911],[-49.28899,-28.63911],[-49.28892,-28.6391],[-49.28888,-28.63909],[-49.28879,-28.6391],[-49.28874,-28.63912],[-49.28865,-28.63917],[-49.28861,-28.63922],[-49.28855,-28.63933],[-49.28854,-28.63938],[-49.28842,-28.63949],[-49.28824,-28.63968],[-49.28818,-28.63976],[-49.28816,-28.63978],[-49.28811,-28.63982],[-49.28801,-28.63988],[-49.28798,-28.63991],[-49.28796,-28.63994],[-49.28785,-28.64014],[-49.28776,-28.64025],[-49.28771,-28.6403],[-49.2877,-28.64033],[-49.2877,-28.64035],[-49.2878,-28.64057],[-49.28804,-28.6411],[-49.28808,-28.64121],[-49.28811,-28.64129],[-49.28816,-28.64171],[-49.28819,-28.642],[-49.28819,-28.64205],[-49.28819,-28.64208],[-49.28819,-28.64211],[-49.28819,-28.64213],[-49.28817,-28.64216],[-49.28814,-28.64218],[-49.2881,-28.64218],[-49.28792,-28.64215],[-49.28788,-28.64216],[-49.28787,-28.64218],[-49.28787,-28.6425],[-49.28787,-28.64257],[-49.28787,-28.64262],[-49.28788,-28.64269],[-49.28791,-28.64293],[-49.28793,-28.643],[-49.28793,-28.64301],[-49.28793,-28.64303],[-49.28794,-28.64307],[-49.28794,-28.64309],[-49.28794,-28.64313],[-49.28791,-28.64324],[-49.28785,-28.64332],[-49.28775,-28.64343],[-49.28754,-28.64358],[-49.28728,-28.64374],[-49.2872,-28.64382],[-49.28689,-28.6442],[-49.28681,-28.64428],[-49.28674,-28.64432],[-49.28664,-28.64441],[-49.28657,-28.64448],[-49.28613,-28.64491],[-49.286,-28.64506],[-49.2859,-28.64517],[-49.28577,-28.64525],[-49.28568,-28.64527],[-49.28559,-28.6453],[-49.2855,-28.64535],[-49.28538,-28.64546],[-49.28523,-28.64558],[-49.28519,-28.64564],[-49.28514,-28.64572],[-49.28511,-28.64576],[-49.28508,-28.64577],[-49.28505,-28.64577],[-49.28502,-28.64576],[-49.285,-28.64573],[-49.28499,-28.64563],[-49.28499,-28.64553],[-49.28499,-28.64551],[-49.28496,-28.6455],[-49.28492,-28.64551],[-49.28487,-28.64554],[-49.28483,-28.64563],[-49.28481,-28.64568],[-49.28479,-28.6457],[-49.28477,-28.64569],[-49.28475,-28.64567],[-49.28473,-28.64561],[-49.28472,-28.64556],[-49.2847,-28.64554],[-49.28466,-28.64554],[-49.28463,-28.64557],[-49.28461,-28.64561],[-49.28461,-28.64566],[-49.28463,-28.64572],[-49.28466,-28.64578],[-49.28471,-28.6458],[-49.28499,-28.64594],[-49.285,-28.64595],[-49.28501,-28.64599],[-49.28501,-28.64601],[-49.285,-28.64602],[-49.28497,-28.64607],[-49.28469,-28.64619],[-49.28441,-28.64632],[-49.28432,-28.64634],[-49.28428,-28.64634],[-49.28382,-28.6463],[-49.28364,-28.64627],[-49.28348,-28.64625],[-49.28322,-28.64619],[-49.28315,-28.64615],[-49.28311,-28.64611],[-49.28307,-28.64605],[-49.28303,-28.646],[-49.28301,-28.64597],[-49.28298,-28.64595],[-49.28295,-28.64593],[-49.2829,-28.64591],[-49.28278,-28.64589],[-49.2827,-28.64589],[-49.28264,-28.64592],[-49.28254,-28.64594],[-49.28245,-28.64595],[-49.28235,-28.64597],[-49.28231,-28.64599],[-49.2823,-28.64601],[-49.28231,-28.64605],[-49.28237,-28.64619],[-49.28238,-28.64624],[-49.28237,-28.64632],[-49.28224,-28.64658],[-49.28223,-28.64661],[-49.28221,-28.64666],[-49.28219,-28.64672],[-49.28218,-28.64679],[-49.28217,-28.64685],[-49.28221,-28.64702],[-49.28227,-28.6471],[-49.28231,-28.64714],[-49.28232,-28.64718],[-49.28232,-28.64722],[-49.28229,-28.64723],[-49.28219,-28.64723],[-49.28206,-28.64722],[-49.28195,-28.64721],[-49.28183,-28.64722],[-49.28176,-28.64724],[-49.28133,-28.64745],[-49.28092,-28.64762],[-49.28088,-28.64763],[-49.28087,-28.64765],[-49.28085,-28.6478],[-49.28079,-28.64816],[-49.28075,-28.64818],[-49.2807,-28.64818],[-49.28052,-28.64821],[-49.28031,-28.64829],[-49.28014,-28.64834],[-49.28011,-28.64833],[-49.28009,-28.64831],[-49.28007,-28.64824],[-49.28003,-28.64816],[-49.27999,-28.64814],[-49.27995,-28.64814],[-49.27995,-28.64814],[-49.27993,-28.64815],[-49.27993,-28.64815],[-49.27992,-28.64816],[-49.2799,-28.64817],[-49.27989,-28.64818],[-49.27987,-28.6482],[-49.27974,-28.64831],[-49.27966,-28.64839],[-49.27962,-28.64845],[-49.27959,-28.64852],[-49.27955,-28.64859],[-49.2795,-28.64867],[-49.27944,-28.64877],[-49.27939,-28.64884],[-49.27933,-28.64889],[-49.27927,-28.64891],[-49.27919,-28.64895],[-49.27914,-28.64895],[-49.27902,-28.64896],[-49.27891,-28.64893],[-49.2787,-28.64887],[-49.27858,-28.64884],[-49.27848,-28.6488],[-49.27839,-28.64877],[-49.27824,-28.64873],[-49.27814,-28.64872],[-49.27805,-28.6487],[-49.27795,-28.6487],[-49.27786,-28.64869],[-49.27774,-28.6487],[-49.2775,-28.64879],[-49.27751,-28.64893],[-49.27751,-28.64908],[-49.27748,-28.64925],[-49.27745,-28.64939],[-49.27742,-28.64951],[-49.27739,-28.6496],[-49.27734,-28.64969],[-49.27729,-28.64977],[-49.27722,-28.64983],[-49.27711,-28.64991],[-49.27701,-28.64995],[-49.27684,-28.65001],[-49.27662,-28.65008],[-49.2763,-28.65019],[-49.27623,-28.65021],[-49.27608,-28.65023],[-49.27579,-28.65026],[-49.2757,-28.65029],[-49.27564,-28.65033],[-49.27558,-28.6504],[-49.27554,-28.65047],[-49.27548,-28.65054],[-49.27539,-28.65062],[-49.27535,-28.65064],[-49.27526,-28.65067],[-49.27517,-28.65067],[-49.27508,-28.65066],[-49.275,-28.65063],[-49.27492,-28.6506],[-49.27485,-28.65058],[-49.27478,-28.65055],[-49.27472,-28.65054],[-49.27466,-28.65054],[-49.27462,-28.65055],[-49.27457,-28.65055],[-49.27452,-28.65056],[-49.27447,-28.65058],[-49.27444,-28.6506],[-49.27442,-28.65062],[-49.2744,-28.65066],[-49.27438,-28.65068],[-49.27436,-28.6507],[-49.27434,-28.6507],[-49.27431,-28.65071],[-49.27428,-28.65071],[-49.27425,-28.65071],[-49.27423,-28.65071],[-49.27419,-28.65072],[-49.27417,-28.65074],[-49.27414,-28.65076],[-49.27412,-28.65079],[-49.27411,-28.65087],[-49.2741,-28.65093],[-49.27408,-28.65098],[-49.27406,-28.65103],[-49.27405,-28.65104],[-49.27403,-28.65106],[-49.27398,-28.65108],[-49.27392,-28.65109],[-49.27389,-28.65109],[-49.27389,-28.65109],[-49.27382,-28.65108],[-49.27376,-28.65108],[-49.2737,-28.65109],[-49.27366,-28.65111],[-49.27358,-28.65121],[-49.27357,-28.65122],[-49.27354,-28.65124],[-49.27352,-28.65124],[-49.27345,-28.65125],[-49.27336,-28.65124],[-49.27328,-28.65122],[-49.2732,-28.65121],[-49.27314,-28.65123],[-49.27306,-28.65127],[-49.27302,-28.65129],[-49.27299,-28.65132],[-49.27297,-28.65135],[-49.27295,-28.65137],[-49.27292,-28.65139],[-49.27288,-28.65141],[-49.27285,-28.65142],[-49.27283,-28.65142],[-49.27281,-28.6514],[-49.2728,-28.65138],[-49.27277,-28.65132],[-49.27276,-28.65128],[-49.27273,-28.65122],[-49.27271,-28.65118],[-49.27269,-28.65115],[-49.27267,-28.65114],[-49.27264,-28.65113],[-49.27261,-28.65113],[-49.27259,-28.65115],[-49.27258,-28.65117],[-49.27257,-28.65118],[-49.27256,-28.65124],[-49.27254,-28.65129],[-49.27251,-28.65135],[-49.27247,-28.65142],[-49.27246,-28.65145],[-49.27243,-28.6515],[-49.2724,-28.65153],[-49.27239,-28.65155],[-49.27236,-28.65157],[-49.27233,-28.65158],[-49.2723,-28.65159],[-49.27226,-28.6516],[-49.27223,-28.6516],[-49.27217,-28.65159],[-49.27211,-28.65158],[-49.27202,-28.65155],[-49.27187,-28.65153],[-49.27171,-28.65149],[-49.27164,-28.65144],[-49.27162,-28.65142],[-49.27158,-28.65139],[-49.27154,-28.65135],[-49.27151,-28.65133],[-49.27146,-28.65131],[-49.27141,-28.65129],[-49.27136,-28.65128],[-49.27133,-28.65127],[-49.27128,-28.65125],[-49.27122,-28.65125],[-49.27118,-28.65124],[-49.27112,-28.65124],[-49.27108,-28.65124],[-49.27103,-28.65124],[-49.27099,-28.65126],[-49.27092,-28.65129],[-49.27087,-28.65131],[-49.27078,-28.65136],[-49.27073,-28.65136],[-49.27067,-28.65136],[-49.27053,-28.65131],[-49.27045,-28.65129],[-49.27031,-28.65127],[-49.27026,-28.65129],[-49.2702,-28.65131],[-49.27005,-28.65137],[-49.26997,-28.65142],[-49.26992,-28.65145],[-49.26987,-28.65151],[-49.26983,-28.65158],[-49.2698,-28.65164],[-49.26975,-28.6517],[-49.26968,-28.65174],[-49.26961,-28.65175],[-49.26952,-28.65175],[-49.26942,-28.65174],[-49.26933,-28.65173],[-49.26922,-28.65173],[-49.26916,-28.65174],[-49.26907,-28.65178],[-49.26903,-28.65183],[-49.26901,-28.65189],[-49.269,-28.65195],[-49.26901,-28.65198],[-49.269,-28.65201],[-49.26898,-28.65202],[-49.26891,-28.652],[-49.26884,-28.65198],[-49.26874,-28.65196],[-49.26864,-28.65195],[-49.26858,-28.65194],[-49.26842,-28.6519],[-49.26837,-28.65189],[-49.26832,-28.65189],[-49.26829,-28.6519],[-49.26823,-28.65193],[-49.26819,-28.65196],[-49.26815,-28.65197],[-49.26811,-28.65198],[-49.2681,-28.65199],[-49.26809,-28.65203],[-49.2681,-28.65207],[-49.26811,-28.65216],[-49.26818,-28.65234],[-49.2682,-28.65241],[-49.26823,-28.65247],[-49.26825,-28.65255],[-49.26825,-28.65256],[-49.26824,-28.65258],[-49.26821,-28.65259],[-49.26818,-28.65258],[-49.26812,-28.65255],[-49.26809,-28.65253],[-49.26804,-28.6525],[-49.26799,-28.65247],[-49.26795,-28.65244],[-49.26791,-28.65242],[-49.26786,-28.65239],[-49.26783,-28.65238],[-49.26781,-28.65238],[-49.26778,-28.65238],[-49.26776,-28.6524],[-49.26775,-28.65244],[-49.26776,-28.65248],[-49.26777,-28.65254],[-49.26781,-28.65262],[-49.26783,-28.65267],[-49.26785,-28.6527],[-49.26785,-28.65272],[-49.26785,-28.65276],[-49.26785,-28.65277],[-49.26784,-28.65278],[-49.26783,-28.65278],[-49.26778,-28.65276],[-49.26772,-28.65272],[-49.26769,-28.65269],[-49.26766,-28.65267],[-49.26765,-28.65267],[-49.26764,-28.65267],[-49.26763,-28.65268],[-49.26762,-28.65269],[-49.26761,-28.65271],[-49.26761,-28.65277],[-49.26763,-28.65283],[-49.2677,-28.65302],[-49.26771,-28.65306],[-49.26771,-28.65313],[-49.26771,-28.65316],[-49.26766,-28.65321],[-49.26764,-28.6532],[-49.2676,-28.65318],[-49.26749,-28.65309],[-49.26746,-28.65306],[-49.26741,-28.65303],[-49.26735,-28.65302],[-49.26731,-28.65305],[-49.26729,-28.65316],[-49.26726,-28.65321],[-49.26722,-28.65325],[-49.26717,-28.65331],[-49.26713,-28.65335],[-49.26709,-28.65339],[-49.26704,-28.65344],[-49.26697,-28.65348],[-49.26693,-28.65349],[-49.26688,-28.6535],[-49.26683,-28.65352],[-49.26677,-28.65355],[-49.26671,-28.65358],[-49.26667,-28.65363],[-49.26663,-28.65368],[-49.2666,-28.65375],[-49.26659,-28.6538],[-49.26657,-28.65383],[-49.26654,-28.65384],[-49.26651,-28.65384],[-49.26647,-28.65385],[-49.26641,-28.65387],[-49.26637,-28.6539],[-49.26634,-28.65391],[-49.2663,-28.65397],[-49.26628,-28.65401],[-49.26628,-28.65408],[-49.26627,-28.65418],[-49.26623,-28.65427],[-49.26619,-28.65435],[-49.26613,-28.65442],[-49.26603,-28.65453],[-49.266,-28.65454],[-49.26596,-28.65455],[-49.2659,-28.65454],[-49.2658,-28.65449],[-49.26576,-28.65446],[-49.26571,-28.65445],[-49.26565,-28.65444],[-49.26558,-28.65445],[-49.26541,-28.65446],[-49.2652,-28.65446],[-49.26515,-28.65446],[-49.26509,-28.65446],[-49.26505,-28.65448],[-49.265,-28.65452],[-49.26496,-28.65456],[-49.26493,-28.6546],[-49.26487,-28.65464],[-49.26483,-28.65466],[-49.26479,-28.65469],[-49.26473,-28.65472],[-49.26468,-28.65475],[-49.26464,-28.65478],[-49.26459,-28.65481],[-49.26457,-28.65483],[-49.26454,-28.65485],[-49.2645,-28.65489],[-49.26448,-28.65493],[-49.26444,-28.655],[-49.26441,-28.65506],[-49.26438,-28.65512],[-49.26432,-28.65525],[-49.26429,-28.65538],[-49.26429,-28.65564],[-49.26428,-28.6559],[-49.26427,-28.65621],[-49.26427,-28.65653],[-49.26422,-28.65701],[-49.2642,-28.6571],[-49.26415,-28.65729],[-49.26401,-28.65757],[-49.26385,-28.65777],[-49.26347,-28.65826],[-49.26315,-28.65869],[-49.26263,-28.65937],[-49.26255,-28.65948],[-49.26248,-28.65957],[-49.26233,-28.65977],[-49.26211,-28.66003],[-49.262,-28.66012],[-49.26188,-28.66018],[-49.26162,-28.66026],[-49.26122,-28.66035],[-49.26082,-28.6604],[-49.26014,-28.66045],[-49.2594,-28.66047],[-49.25912,-28.66049],[-49.25893,-28.66054],[-49.25868,-28.66063],[-49.25857,-28.66069],[-49.25848,-28.66079],[-49.25838,-28.66099],[-49.25817,-28.66128],[-49.25791,-28.6616],[-49.25784,-28.66167],[-49.25764,-28.66188],[-49.2575,-28.66202],[-49.257,-28.66245],[-49.25621,-28.66319],[-49.25611,-28.66329],[-49.25527,-28.66409],[-49.25481,-28.66448],[-49.25436,-28.66487],[-49.25399,-28.66524],[-49.25378,-28.66552],[-49.25761,-28.66551],[-49.25761,-28.66686],[-49.25925,-28.66686],[-49.26492,-28.66684],[-49.28903,-28.66703],[-49.2965,-28.66693],[-49.30466,-28.66699],[-49.30893,-28.667],[-49.30905,-28.667],[-49.30948,-28.667],[-49.3153,-28.6671],[-49.31524,-28.6707],[-49.31718,-28.67074],[-49.31723,-28.67074],[-49.31728,-28.67074],[-49.32534,-28.67099],[-49.32543,-28.66718],[-49.32666,-28.66719],[-49.32754,-28.66722],[-49.3287,-28.66726],[-49.32873,-28.66661],[-49.3287,-28.66561],[-49.3287,-28.66558],[-49.32873,-28.66258],[-49.32873,-28.66253],[-49.32898,-28.66272],[-49.32903,-28.66275],[-49.33161,-28.66277],[-49.33165,-28.66277],[-49.33306,-28.66276],[-49.33309,-28.66276],[-49.33307,-28.65974],[-49.33303,-28.65784],[-49.33301,-28.65751],[-49.33304,-28.65618],[-49.33313,-28.65541],[-49.33315,-28.65389],[-49.33316,-28.65121],[-49.32948,-28.65116],[-49.31616,-28.65099],[-49.31616,-28.65111],[-49.31615,-28.65298],[-49.31612,-28.65298],[-49.31598,-28.65299],[-49.31592,-28.65299],[-49.31591,-28.653],[-49.31588,-28.653],[-49.31587,-28.65301],[-49.31581,-28.65302],[-49.31545,-28.65303],[-49.31527,-28.65304],[-49.3152,-28.65305],[-49.315,-28.65306],[-49.31479,-28.65307],[-49.31472,-28.65308],[-49.31463,-28.65309],[-49.31456,-28.65309],[-49.31449,-28.65307],[-49.31432,-28.65305],[-49.31424,-28.65304],[-49.31421,-28.65303],[-49.31418,-28.653],[-49.31414,-28.65298],[-49.31405,-28.65296],[-49.31394,-28.65298],[-49.31382,-28.65298],[-49.31377,-28.65299],[-49.3137,-28.65298],[-49.31368,-28.65298],[-49.31364,-28.65297],[-49.31348,-28.65287],[-49.31319,-28.65266],[-49.313,-28.65256],[-49.31288,-28.6525],[-49.31275,-28.65243],[-49.31265,-28.65239],[-49.31251,-28.65231],[-49.3125,-28.6523],[-49.31248,-28.65229],[-49.31245,-28.65227],[-49.31244,-28.65225],[-49.31226,-28.65191],[-49.31221,-28.65185],[-49.31219,-28.65183],[-49.31217,-28.65182],[-49.31213,-28.65181],[-49.31212,-28.65181],[-49.31209,-28.65182],[-49.31203,-28.65184],[-49.31198,-28.65186],[-49.3119,-28.65188],[-49.31185,-28.65187],[-49.31181,-28.65187],[-49.31176,-28.65188],[-49.31172,-28.65188],[-49.31167,-28.65187],[-49.31161,-28.65186],[-49.31157,-28.65184],[-49.31154,-28.6518],[-49.31149,-28.65176],[-49.31144,-28.65173],[-49.3114,-28.65171],[-49.31131,-28.65163],[-49.31129,-28.65159],[-49.31123,-28.65155],[-49.3112,-28.65152],[-49.31099,-28.65145],[-49.31093,-28.65143],[-49.31087,-28.65142],[-49.31081,-28.65143],[-49.31075,-28.65144],[-49.3107,-28.65144],[-49.31037,-28.6515],[-49.31019,-28.65152],[-49.31011,-28.65152],[-49.31008,-28.65152],[-49.31007,-28.65152],[-49.31,-28.65153],[-49.30979,-28.65159],[-49.30969,-28.6516],[-49.30964,-28.65161],[-49.3096,-28.65161],[-49.30956,-28.65162],[-49.30955,-28.65142],[-49.30956,-28.65124],[-49.30956,-28.6506],[-49.30956,-28.64936],[-49.30956,-28.64873],[-49.30955,-28.64811],[-49.30955,-28.64785],[-49.30956,-28.6475],[-49.30956,-28.64749],[-49.30739,-28.64752],[-49.30734,-28.64748],[-49.30731,-28.64743],[-49.30724,-28.64309],[-49.30665,-28.64333],[-49.30652,-28.64338],[-49.30647,-28.64348],[-49.30623,-28.64363],[-49.30614,-28.64369],[-49.30542,-28.64396],[-49.30481,-28.64395],[-49.30431,-28.64368],[-49.30403,-28.64331],[-49.30373,-28.64273],[-49.30354,-28.64261]]]}},{"type":"Feature","id":"4204608019","properties":{"id":"4204608019","name":"Santa Catarina","city":"Criciúma","cityCode":"4204608"},"geometry":{"type":"Polygon","coordinates":[[[-49.38471,-28.67143],[-49.38457,-28.67123],[-49.38418,-28.67091],[-49.38358,-28.67041],[-49.38261,-28.66962],[-49.3814,-28.66862],[-49.3796,-28.67026],[-49.37866,-28.67113],[-49.37825,-28.6715],[-49.37785,-28.67187],[-49.37752,-28.67217],[-49.37663,-28.67299],[-49.37593,-28.67362],[-49.37645,-28.67407],[-49.37717,-28.67467],[-49.37772,-28.67512],[-49.37835,-28.67564],[-49.37999,-28.67701],[-49.38075,-28.67761],[-49.38115,-28.67708],[-49.38157,-28.67659],[-49.38184,-28.67632],[-49.38289,-28.6753],[-49.38391,-28.67434],[-49.38425,-28.67402],[-49.38474,-28.67357],[-49.38495,-28.67338],[-49.38554,-28.67297],[-49.38509,-28.67216],[-49.38471,-28.67143]]]}},{"type":"Feature","id":"4204608069","properties":{"id":"4204608069","name":"Verdinho","city":"Criciúma","cityCode":"4204608"},"geometry":{"type":"MultiPolygon","coordinates":[[[[-49.40527,-28.81395],[-49.40524,-28.81392],[-49.40523,-28.81391],[-49.40501,-28.81377],[-49.40301,-28.81233],[-49.40286,-28.81222],[-49.40264,-28.81207],[-49.40018,-28.81028],[-49.39907,-28.80923],[-49.39793,-28.80815],[-49.39714,-28.80748],[-49.39633,-28.80687],[-49.39544,-28.80609],[-49.39474,-28.81617],[-49.39467,-28.81745],[-49.39498,-28.81767],[-49.39667,-28.81887],[-49.39853,-28.82022],[-49.39961,-28.82099],[-49.40022,-28.82145],[-49.40373,-28.82394],[-49.40386,-28.82403],[-49.40401,-28.82414],[-49.4047,-28.82463],[-49.40526,-28.82506],[-49.40764,-28.82678],[-49.40768,-28.82681],[-49.40851,-28.82623],[-49.40971,-28.82538],[-49.41794,-28.81959],[-49.42124,-28.81727],[-49.42492,-28.81454],[-49.42495,-28.81452],[-49.42497,-28.81451],[-49.42516,-28.81442],[-49.42522,-28.81439],[-49.42531,-28.81435],[-49.42538,-28.81432],[-49.42544,-28.81429],[-49.42549,-28.81425],[-49.42555,-28.81421],[-49.4257,-28.81412],[-49.42573,-28.81411],[-49.42576,-28.81409],[-49.42583,-28.81404],[-49.42588,-28.81402],[-49.42593,-28.81399],[-49.42598,-28.81397],[-49.4262,-28.8139],[-49.4266,-28.81381],[-49.42683,-28.81375],[-49.42701,-28.81368],[-49.42705,-28.81366],[-49.42708,-28.81364],[-49.4271,-28.8136],[-49.42711,-28.81356],[-49.42711,-28.81353],[-49.42711,-28.81351],[-49.4271,-28.81348],[-49.42709,-28.81344],[-49.42705,-28.81341],[-49.42701,-28.8134],[-49.42698,-28.81339],[-49.42696,-28.81338],[-49.42693,-28.81338],[-49.42689,-28.81338],[-49.42681,-28.81338],[-49.42664,-28.8134],[-49.42651,-28.81341],[-49.42635,-28.81339],[-49.42628,-28.81338],[-49.42625,-28.81337],[-49.42622,-28.81336],[-49.42619,-28.81335],[-49.42605,-28.81329],[-49.42593,-28.81319],[-49.4258,-28.8131],[-49.42566,-28.81298],[-49.42548,-28.81283],[-49.42537,-28.81274],[-49.42523,-28.81264],[-49.42509,-28.81253],[-49.42499,-28.81246],[-49.42485,-28.81239],[-49.4248,-28.81238],[-49.42476,-28.81236],[-49.42471,-28.81235],[-49.42462,-28.81232],[-49.42442,-28.81226],[-49.42428,-28.8122],[-49.42425,-28.81218],[-49.4242,-28.81215],[-49.42404,-28.81205],[-49.42391,-28.812],[-49.42387,-28.81198],[-49.42383,-28.81197],[-49.42378,-28.81197],[-49.42374,-28.81196],[-49.42359,-28.81199],[-49.42355,-28.812],[-49.42352,-28.81201],[-49.42348,-28.81202],[-49.4234,-28.81207],[-49.42334,-28.8121],[-49.42326,-28.81211],[-49.42317,-28.8121],[-49.42309,-28.81209],[-49.42307,-28.81209],[-49.42304,-28.81208],[-49.42299,-28.81206],[-49.4229,-28.81203],[-49.42262,-28.81188],[-49.4224,-28.81173],[-49.42224,-28.81163],[-49.42206,-28.81152],[-49.42192,-28.81143],[-49.42176,-28.81131],[-49.42166,-28.81125],[-49.42163,-28.81123],[-49.42161,-28.81121],[-49.42159,-28.8112],[-49.42157,-28.81117],[-49.42156,-28.81115],[-49.42154,-28.81113],[-49.42151,-28.81109],[-49.42142,-28.81096],[-49.4213,-28.8108],[-49.42128,-28.81077],[-49.42125,-28.81075],[-49.42123,-28.81073],[-49.4212,-28.81071],[-49.42129,-28.81343],[-49.41872,-28.81328],[-49.41754,-28.80949],[-49.41534,-28.80939],[-49.40566,-28.8089],[-49.40563,-28.8089],[-49.4056,-28.8089],[-49.40557,-28.80932],[-49.40534,-28.8124],[-49.40527,-28.81395]]],[[[-49.41963,-28.78758],[-49.41966,-28.78726],[-49.41973,-28.78701],[-49.41984,-28.78674],[-49.41999,-28.78654],[-49.42059,-28.78577],[-49.4207,-28.7856],[-49.41859,-28.78555],[-49.41663,-28.78549],[-49.41463,-28.78539],[-49.41265,-28.78532],[-49.41232,-28.7853],[-49.41066,-28.78523],[-49.40768,-28.78512],[-49.40727,-28.78509],[-49.40145,-28.78486],[-49.39906,-28.78475],[-49.39697,-28.78468],[-49.39694,-28.78494],[-49.39687,-28.7858],[-49.39673,-28.78738],[-49.39655,-28.78934],[-49.39642,-28.79085],[-49.39626,-28.7927],[-49.39617,-28.79379],[-49.39605,-28.7958],[-49.39592,-28.79794],[-49.39581,-28.79947],[-49.40609,-28.79989],[-49.40613,-28.7999],[-49.40616,-28.7999],[-49.40836,-28.80001],[-49.41553,-28.80028],[-49.42212,-28.80053],[-49.42222,-28.80054],[-49.42221,-28.80047],[-49.42219,-28.80042],[-49.42215,-28.80037],[-49.42202,-28.80025],[-49.422,-28.80023],[-49.42195,-28.80021],[-49.42189,-28.80019],[-49.42184,-28.80019],[-49.42177,-28.80019],[-49.42172,-28.80019],[-49.42167,-28.80021],[-49.42163,-28.80024],[-49.42161,-28.80027],[-49.4216,-28.8003],[-49.4216,-28.80032],[-49.4216,-28.80033],[-49.42159,-28.80033],[-49.42156,-28.80035],[-49.42153,-28.80036],[-49.42147,-28.80037],[-49.42141,-28.80039],[-49.42137,-28.8004],[-49.42133,-28.8004],[-49.42129,-28.8004],[-49.42123,-28.80038],[-49.42089,-28.80025],[-49.42084,-28.80022],[-49.42079,-28.8002],[-49.42074,-28.80017],[-49.42069,-28.80014],[-49.42063,-28.80012],[-49.42057,-28.8001],[-49.4205,-28.80011],[-49.42045,-28.80014],[-49.42041,-28.80017],[-49.42037,-28.8002],[-49.42036,-28.80021],[-49.42034,-28.80021],[-49.42032,-28.80021],[-49.42028,-28.80019],[-49.42022,-28.80015],[-49.42016,-28.80011],[-49.42004,-28.80001],[-49.42002,-28.79998],[-49.41999,-28.79994],[-49.41998,-28.79991],[-49.41996,-28.79984],[-49.41995,-28.79978],[-49.41993,-28.79969],[-49.41992,-28.79963],[-49.41992,-28.79958],[-49.41993,-28.79953],[-49.41995,-28.7995],[-49.41998,-28.79949],[-49.42002,-28.79947],[-49.42007,-28.79946],[-49.42014,-28.79946],[-49.4202,-28.79947],[-49.42024,-28.79948],[-49.42028,-28.7995],[-49.42035,-28.79955],[-49.42039,-28.79958],[-49.42045,-28.79962],[-49.4205,-28.79966],[-49.42056,-28.7997],[-49.42062,-28.79973],[-49.42067,-28.79976],[-49.42075,-28.79979],[-49.42082,-28.79981],[-49.42089,-28.79983],[-49.42094,-28.79983],[-49.42098,-28.79983],[-49.42103,-28.79981],[-49.42106,-28.79976],[-49.42106,-28.79972],[-49.42107,-28.79968],[-49.42107,-28.79965],[-49.42106,-28.79958],[-49.42105,-28.79952],[-49.42105,-28.79946],[-49.42103,-28.7994],[-49.42101,-28.79936],[-49.42099,-28.79933],[-49.42097,-28.79929],[-49.42094,-28.79913],[-49.42093,-28.79908],[-49.42092,-28.79903],[-49.4209,-28.79899],[-49.42087,-28.79894],[-49.42078,-28.79887],[-49.42066,-28.7988],[-49.42053,-28.79875],[-49.4203,-28.79874],[-49.41994,-28.79876],[-49.4199,-28.79876],[-49.41985,-28.79875],[-49.41979,-28.79873],[-49.41974,-28.79871],[-49.41971,-28.79869],[-49.41969,-28.79868],[-49.41969,-28.79867],[-49.41968,-28.79864],[-49.41969,-28.7986],[-49.41969,-28.79858],[-49.4197,-28.79853],[-49.41971,-28.79849],[-49.41974,-28.79843],[-49.41978,-28.79832],[-49.41991,-28.79802],[-49.41993,-28.79796],[-49.41994,-28.79791],[-49.41995,-28.79784],[-49.41995,-28.79772],[-49.41989,-28.79751],[-49.4197,-28.7971],[-49.41962,-28.79699],[-49.41951,-28.79686],[-49.41945,-28.79676],[-49.41943,-28.7967],[-49.41943,-28.79664],[-49.41944,-28.79659],[-49.41947,-28.79651],[-49.41951,-28.79646],[-49.41976,-28.79627],[-49.41994,-28.79619],[-49.42003,-28.79613],[-49.42008,-28.79609],[-49.42016,-28.79597],[-49.42019,-28.79586],[-49.42019,-28.7958],[-49.42017,-28.79571],[-49.42013,-28.79562],[-49.42007,-28.79557],[-49.42002,-28.79555],[-49.41995,-28.79555],[-49.41993,-28.79555],[-49.41986,-28.79556],[-49.41979,-28.7956],[-49.4197,-28.79566],[-49.41959,-28.79571],[-49.41952,-28.79574],[-49.41938,-28.79574],[-49.41925,-28.79572],[-49.41909,-28.79572],[-49.41871,-28.79581],[-49.41854,-28.79585],[-49.41847,-28.79586],[-49.41841,-28.79584],[-49.41835,-28.79581],[-49.41832,-28.79575],[-49.41832,-28.79569],[-49.41836,-28.79557],[-49.41843,-28.79551],[-49.41856,-28.79526],[-49.41862,-28.79507],[-49.41867,-28.79484],[-49.41871,-28.79466],[-49.41875,-28.79459],[-49.41903,-28.79414],[-49.41905,-28.79406],[-49.41907,-28.79395],[-49.41909,-28.79377],[-49.41913,-28.79371],[-49.4192,-28.79368],[-49.41926,-28.79366],[-49.41935,-28.79367],[-49.41957,-28.79371],[-49.42024,-28.79392],[-49.42056,-28.79406],[-49.42062,-28.79409],[-49.42067,-28.7941],[-49.42072,-28.79412],[-49.42079,-28.79412],[-49.42084,-28.7941],[-49.42085,-28.79407],[-49.42086,-28.79401],[-49.42084,-28.79395],[-49.42078,-28.7939],[-49.42063,-28.79372],[-49.42059,-28.79363],[-49.42058,-28.79357],[-49.42059,-28.79348],[-49.42063,-28.79336],[-49.42066,-28.79324],[-49.42066,-28.79316],[-49.42064,-28.79306],[-49.42061,-28.79296],[-49.42059,-28.79289],[-49.42059,-28.79285],[-49.42061,-28.79282],[-49.42067,-28.79279],[-49.42074,-28.79278],[-49.42081,-28.79278],[-49.42086,-28.7928],[-49.42092,-28.79285],[-49.42099,-28.79294],[-49.42119,-28.79324],[-49.42132,-28.79337],[-49.42158,-28.79359],[-49.42188,-28.79382],[-49.42207,-28.79395],[-49.42217,-28.794],[-49.4222,-28.79401],[-49.42226,-28.79401],[-49.42232,-28.79401],[-49.4224,-28.79399],[-49.42245,-28.79396],[-49.42247,-28.79393],[-49.4225,-28.79385],[-49.42251,-28.79375],[-49.42251,-28.7937],[-49.42249,-28.79361],[-49.42247,-28.79352],[-49.42247,-28.79348],[-49.42248,-28.79344],[-49.4225,-28.7934],[-49.42257,-28.79334],[-49.42271,-28.79326],[-49.4228,-28.79322],[-49.4229,-28.7932],[-49.42298,-28.79319],[-49.42307,-28.79317],[-49.42319,-28.79313],[-49.42326,-28.79309],[-49.42329,-28.79306],[-49.42331,-28.79303],[-49.42333,-28.79299],[-49.42333,-28.79292],[-49.42332,-28.79286],[-49.42328,-28.79278],[-49.42322,-28.79271],[-49.42314,-28.79263],[-49.42298,-28.79256],[-49.42272,-28.7925],[-49.42257,-28.7925],[-49.42255,-28.7925],[-49.42229,-28.79255],[-49.42202,-28.79258],[-49.42187,-28.79259],[-49.42177,-28.79257],[-49.42167,-28.79254],[-49.42164,-28.79249],[-49.42162,-28.79244],[-49.42162,-28.79238],[-49.42163,-28.79231],[-49.42166,-28.79226],[-49.42178,-28.79219],[-49.42194,-28.79212],[-49.4221,-28.79205],[-49.42226,-28.79199],[-49.42234,-28.79194],[-49.42241,-28.79188],[-49.42242,-28.79182],[-49.42243,-28.79173],[-49.42243,-28.79167],[-49.42242,-28.79162],[-49.42238,-28.79158],[-49.42235,-28.79157],[-49.42222,-28.79156],[-49.42205,-28.79155],[-49.42187,-28.79154],[-49.42167,-28.79152],[-49.42148,-28.79151],[-49.42131,-28.7915],[-49.42121,-28.79148],[-49.42113,-28.79143],[-49.42109,-28.7914],[-49.42107,-28.79135],[-49.42106,-28.79131],[-49.42107,-28.79126],[-49.42114,-28.79116],[-49.42122,-28.79107],[-49.42128,-28.79098],[-49.42134,-28.79089],[-49.42145,-28.7908],[-49.42159,-28.7907],[-49.42166,-28.79063],[-49.42176,-28.79055],[-49.42184,-28.79047],[-49.4219,-28.79042],[-49.42196,-28.79035],[-49.422,-28.79028],[-49.422,-28.79021],[-49.42199,-28.79018],[-49.42196,-28.79014],[-49.42191,-28.79011],[-49.42188,-28.7901],[-49.42183,-28.79009],[-49.42172,-28.79008],[-49.42159,-28.79007],[-49.42147,-28.79005],[-49.4213,-28.79003],[-49.42116,-28.78999],[-49.42108,-28.78996],[-49.42101,-28.78991],[-49.42092,-28.78984],[-49.42087,-28.78977],[-49.4208,-28.78967],[-49.42073,-28.78957],[-49.42068,-28.78949],[-49.42062,-28.78942],[-49.42058,-28.78935],[-49.42057,-28.78927],[-49.42058,-28.7892],[-49.4206,-28.78913],[-49.42066,-28.78906],[-49.42068,-28.78903],[-49.42074,-28.78896],[-49.42083,-28.7889],[-49.42092,-28.78885],[-49.421,-28.78879],[-49.42111,-28.78872],[-49.42115,-28.78866],[-49.42115,-28.78858],[-49.42114,-28.7885],[-49.42111,-28.78845],[-49.42105,-28.7884],[-49.42095,-28.78833],[-49.42086,-28.78827],[-49.42075,-28.78819],[-49.42066,-28.78813],[-49.42056,-28.78805],[-49.42045,-28.78797],[-49.42038,-28.7879],[-49.4203,-28.78785],[-49.42018,-28.78777],[-49.42009,-28.78772],[-49.42003,-28.78767],[-49.41998,-28.78761],[-49.41996,-28.78758],[-49.41963,-28.78758]]]]}},{"type":"Feature","id":"4204608046","properties":{"id":"4204608046","name":"Argentina","city":"Criciúma","cityCode":"4204608"},"geometry":{"type":"Polygon","coordinates":[[[-49.33674,-28.67345],[-49.33729,-28.6725],[-49.33737,-28.67242],[-49.33749,-28.67234],[-49.33776,-28.67219],[-49.33822,-28.67199],[-49.33822,-28.67186],[-49.33821,-28.67172],[-49.33821,-28.67148],[-49.33824,-28.67131],[-49.33826,-28.67122],[-49.339,-28.67123],[-49.33947,-28.67122],[-49.34028,-28.67123],[-49.34106,-28.67124],[-49.34166,-28.67124],[-49.34217,-28.67124],[-49.34264,-28.67125],[-49.3442,-28.67125],[-49.3442,-28.67052],[-49.3442,-28.6698],[-49.3442,-28.66916],[-49.3442,-28.66913],[-49.3441,-28.66273],[-49.33652,-28.66277],[-49.33648,-28.66277],[-49.33645,-28.66277],[-49.33476,-28.66278],[-49.33472,-28.66278],[-49.33309,-28.66276],[-49.33306,-28.66276],[-49.33165,-28.66277],[-49.33161,-28.66277],[-49.32903,-28.66275],[-49.32898,-28.66272],[-49.32873,-28.66253],[-49.32873,-28.66258],[-49.3287,-28.66558],[-49.3287,-28.66561],[-49.32873,-28.66661],[-49.3287,-28.66726],[-49.32908,-28.66728],[-49.32903,-28.66804],[-49.32903,-28.66913],[-49.329,-28.67104],[-49.32904,-28.67104],[-49.33274,-28.67109],[-49.33278,-28.67109],[-49.33276,-28.67232],[-49.33275,-28.67295],[-49.33492,-28.67296],[-49.33574,-28.67296],[-49.33574,-28.67301],[-49.33575,-28.67518],[-49.33578,-28.67513],[-49.33674,-28.67345]]]}},{"type":"Feature","id":"4204608006","properties":{"id":"4204608006","name":"Milanese","city":"Criciúma","cityCode":"4204608"},"geometry":{"type":"Polygon","coordinates":[[[-49.38292,-28.6922],[-49.38132,-28.69221],[-49.3813,-28.6931],[-49.38132,-28.694],[-49.38131,-28.69484],[-49.3813,-28.69557],[-49.38131,-28.69636],[-49.38128,-28.69706],[-49.38128,-28.69772],[-49.38279,-28.69775],[-49.38287,-28.69771],[-49.38288,-28.69839],[-49.38286,-28.69903],[-49.38292,-28.69906],[-49.38294,-28.69913],[-49.38294,-28.69939],[-49.38291,-28.7],[-49.38447,-28.69911],[-49.38505,-28.69959],[-49.38508,-28.69961],[-49.38566,-28.70008],[-49.38588,-28.69986],[-49.38628,-28.6995],[-49.38687,-28.69998],[-49.38738,-28.70039],[-49.38788,-28.7008],[-49.38842,-28.70128],[-49.38946,-28.70036],[-49.38948,-28.70033],[-49.38951,-28.70031],[-49.39059,-28.69936],[-49.39062,-28.69934],[-49.39124,-28.69871],[-49.39154,-28.69846],[-49.39243,-28.6976],[-49.39294,-28.69711],[-49.39298,-28.69707],[-49.39352,-28.69652],[-49.39384,-28.69619],[-49.39358,-28.69618],[-49.39313,-28.69609],[-49.39234,-28.69577],[-49.39228,-28.69575],[-49.39166,-28.6955],[-49.39143,-28.69541],[-49.39089,-28.6952],[-49.3905,-28.69504],[-49.39014,-28.69491],[-49.3896,-28.69469],[-49.38877,-28.69435],[-49.38862,-28.6943],[-49.38844,-28.69423],[-49.38765,-28.69391],[-49.38711,-28.69369],[-49.38578,-28.69316],[-49.3849,-28.69282],[-49.38403,-28.69247],[-49.38386,-28.6924],[-49.38359,-28.69228],[-49.3834,-28.69224],[-49.38318,-28.69221],[-49.38292,-28.6922]]]}},{"type":"Feature","id":"4204608045","properties":{"id":"4204608045","name":"Pedro Zanivan","city":"Criciúma","cityCode":"4204608"},"geometry":{"type":"Polygon","coordinates":[[[-49.37591,-28.72838],[-49.37524,-28.72835],[-49.37456,-28.72832],[-49.37386,-28.72831],[-49.3731,-28.7283],[-49.37232,-28.72827],[-49.37195,-28.72826],[-49.37153,-28.72825],[-49.37126,-28.72822],[-49.37075,-28.72819],[-49.37083,-28.72924],[-49.37097,-28.73107],[-49.3711,-28.73269],[-49.37288,-28.73275],[-49.37364,-28.73279],[-49.37434,-28.73282],[-49.37497,-28.73285],[-49.37567,-28.73288],[-49.3763,-28.73291],[-49.37694,-28.73293],[-49.37758,-28.73296],[-49.37777,-28.73297],[-49.37819,-28.73299],[-49.3788,-28.733],[-49.37884,-28.73301],[-49.38121,-28.73305],[-49.38095,-28.72847],[-49.37962,-28.72846],[-49.37841,-28.72844],[-49.37837,-28.72844],[-49.37833,-28.72844],[-49.37781,-28.72843],[-49.37779,-28.72843],[-49.37776,-28.72842],[-49.37684,-28.72841],[-49.37653,-28.7284],[-49.37591,-28.72838]]]}},{"type":"Feature","id":"4204608071","properties":{"id":"4204608071","name":"Vila Floresta II","city":"Criciúma","cityCode":"4204608"},"geometry":{"type":"Polygon","coordinates":[[[-49.40054,-28.68301],[-49.40108,-28.68349],[-49.40121,-28.68361],[-49.40155,-28.68391],[-49.40188,-28.68422],[-49.40191,-28.68428],[-49.40189,-28.68433],[-49.4017,-28.68452],[-49.40095,-28.6852],[-49.40044,-28.68567],[-49.40047,-28.68569],[-49.40205,-28.6871],[-49.40221,-28.68702],[-49.40255,-28.68689],[-49.40274,-28.6868],[-49.40289,-28.68675],[-49.40301,-28.68671],[-49.40309,-28.68668],[-49.40335,-28.68654],[-49.40356,-28.68644],[-49.40364,-28.68641],[-49.40371,-28.68638],[-49.40392,-28.68628],[-49.40402,-28.68622],[-49.40437,-28.68608],[-49.40459,-28.68597],[-49.40466,-28.68594],[-49.40473,-28.68593],[-49.4048,-28.68592],[-49.4049,-28.68591],[-49.40516,-28.68593],[-49.40526,-28.68593],[-49.40536,-28.68595],[-49.4056,-28.68604],[-49.40577,-28.68565],[-49.40595,-28.68524],[-49.40626,-28.68443],[-49.40638,-28.68414],[-49.40649,-28.68385],[-49.40659,-28.6836],[-49.40663,-28.68354],[-49.4068,-28.68305],[-49.40686,-28.68292],[-49.40689,-28.68283],[-49.40693,-28.68279],[-49.40775,-28.68278],[-49.40814,-28.68277],[-49.40865,-28.68274],[-49.41042,-28.68275],[-49.41112,-28.68275],[-49.4118,-28.68275],[-49.41188,-28.68275],[-49.41431,-28.68277],[-49.41511,-28.68277],[-49.41513,-28.68266],[-49.41515,-28.6825],[-49.41518,-28.68236],[-49.41521,-28.68223],[-49.41529,-28.68195],[-49.41532,-28.68179],[-49.41532,-28.68168],[-49.41531,-28.68157],[-49.41529,-28.68151],[-49.41521,-28.68124],[-49.41514,-28.68106],[-49.41509,-28.68095],[-49.41504,-28.68087],[-49.41503,-28.68083],[-49.41502,-28.6808],[-49.41503,-28.6807],[-49.41505,-28.68055],[-49.41509,-28.68033],[-49.41511,-28.68026],[-49.41515,-28.6802],[-49.41521,-28.68012],[-49.41534,-28.67998],[-49.41542,-28.67992],[-49.41548,-28.67989],[-49.41558,-28.67984],[-49.41561,-28.67981],[-49.41562,-28.67978],[-49.41564,-28.67973],[-49.41564,-28.67965],[-49.41564,-28.67957],[-49.41563,-28.67952],[-49.41561,-28.67948],[-49.41555,-28.67942],[-49.41548,-28.67937],[-49.41538,-28.67929],[-49.4151,-28.67961],[-49.41484,-28.67999],[-49.41472,-28.6803],[-49.41462,-28.68087],[-49.41452,-28.68042],[-49.41413,-28.67932],[-49.41389,-28.67869],[-49.41377,-28.67837],[-49.41371,-28.67787],[-49.4136,-28.67731],[-49.41356,-28.67699],[-49.41354,-28.67694],[-49.41302,-28.67679],[-49.40966,-28.67592],[-49.4082,-28.67554],[-49.40782,-28.67543],[-49.40706,-28.67526],[-49.40676,-28.67522],[-49.40646,-28.67518],[-49.40623,-28.67518],[-49.40583,-28.67519],[-49.40549,-28.67523],[-49.40517,-28.67529],[-49.40467,-28.67539],[-49.4036,-28.67558],[-49.40322,-28.67566],[-49.40219,-28.67585],[-49.402,-28.67588],[-49.40098,-28.67607],[-49.39997,-28.67626],[-49.39995,-28.67627],[-49.39995,-28.6763],[-49.40001,-28.6796],[-49.40001,-28.67965],[-49.39984,-28.67983],[-49.39956,-28.68037],[-49.3994,-28.68078],[-49.39935,-28.68093],[-49.40017,-28.68093],[-49.40053,-28.68297],[-49.40054,-28.68301]]]}},{"type":"Feature","id":"4204608002","properties":{"id":"4204608002","name":"Santa Augusta","city":"Criciúma","cityCode":"4204608"},"geometry":{"type":"Polygon","coordinates":[[[-49.40234,-28.69401],[-49.40051,-28.69572],[-49.39989,-28.69629],[-49.40053,-28.69662],[-49.40125,-28.697],[-49.40192,-28.69732],[-49.40235,-28.69756],[-49.40246,-28.69761],[-49.40249,-28.69763],[-49.40257,-28.69767],[-49.4026,-28.69769],[-49.40272,-28.69774],[-49.40363,-28.69822],[-49.40383,-28.69831],[-49.40439,-28.69861],[-49.40501,-28.69894],[-49.40558,-28.69924],[-49.40612,-28.69954],[-49.40651,-28.69972],[-49.40672,-28.69983],[-49.40707,-28.70002],[-49.40724,-28.70004],[-49.4074,-28.69995],[-49.40763,-28.69974],[-49.40783,-28.69961],[-49.40802,-28.69959],[-49.40818,-28.69959],[-49.40876,-28.6997],[-49.40897,-28.69975],[-49.40929,-28.69982],[-49.40949,-28.7],[-49.40972,-28.70025],[-49.40984,-28.70042],[-49.4099,-28.70051],[-49.41016,-28.70072],[-49.41037,-28.7008],[-49.4107,-28.70088],[-49.41125,-28.70101],[-49.41173,-28.70108],[-49.41196,-28.7011],[-49.41214,-28.70112],[-49.41304,-28.70121],[-49.41431,-28.70132],[-49.41543,-28.70142],[-49.4175,-28.70159],[-49.41749,-28.70155],[-49.41741,-28.70135],[-49.41734,-28.70116],[-49.41729,-28.70102],[-49.41722,-28.70081],[-49.41705,-28.70041],[-49.41696,-28.70013],[-49.41688,-28.69991],[-49.41684,-28.69984],[-49.41668,-28.69966],[-49.41654,-28.69955],[-49.4164,-28.69945],[-49.41622,-28.69935],[-49.4159,-28.6992],[-49.41572,-28.6991],[-49.41542,-28.69891],[-49.41521,-28.69881],[-49.41506,-28.69871],[-49.41487,-28.69858],[-49.41473,-28.69846],[-49.41458,-28.69832],[-49.4144,-28.69813],[-49.41431,-28.69803],[-49.41421,-28.69782],[-49.41411,-28.69761],[-49.41401,-28.69743],[-49.41396,-28.69736],[-49.41378,-28.69717],[-49.41341,-28.69684],[-49.41335,-28.69676],[-49.41331,-28.69665],[-49.41324,-28.69649],[-49.41316,-28.69629],[-49.41313,-28.69623],[-49.41313,-28.69616],[-49.4131,-28.69576],[-49.41305,-28.69538],[-49.41302,-28.69527],[-49.41301,-28.69524],[-49.41301,-28.6952],[-49.41304,-28.69506],[-49.41305,-28.69483],[-49.41305,-28.69459],[-49.40927,-28.69137],[-49.40893,-28.6917],[-49.40891,-28.69166],[-49.40889,-28.69159],[-49.40885,-28.69152],[-49.4087,-28.69127],[-49.40861,-28.69114],[-49.40852,-28.69103],[-49.40843,-28.69095],[-49.40815,-28.69068],[-49.40806,-28.69059],[-49.40801,-28.69054],[-49.40793,-28.69046],[-49.40766,-28.69018],[-49.4076,-28.69011],[-49.40755,-28.69005],[-49.40745,-28.69015],[-49.40728,-28.69031],[-49.40654,-28.69101],[-49.40732,-28.69135],[-49.40678,-28.69184],[-49.40626,-28.69232],[-49.40561,-28.69294],[-49.40525,-28.69328],[-49.40438,-28.6941],[-49.40379,-28.69361],[-49.40328,-28.69317],[-49.40234,-28.69401]]]}},{"type":"Feature","id":"4204608065","properties":{"id":"4204608065","name":"Morro Albino","city":"Criciúma","cityCode":"4204608"},"geometry":{"type":"Polygon","coordinates":[[[-49.39561,-28.80297],[-49.39562,-28.80295],[-49.39571,-28.80173],[-49.39581,-28.79947],[-49.39592,-28.79794],[-49.39605,-28.7958],[-49.39617,-28.79379],[-49.39626,-28.7927],[-49.39642,-28.79085],[-49.39655,-28.78934],[-49.39673,-28.78738],[-49.39687,-28.7858],[-49.39694,-28.78494],[-49.39697,-28.78468],[-49.39697,-28.78464],[-49.39712,-28.78269],[-49.3975,-28.77664],[-49.39751,-28.77627],[-49.39755,-28.77495],[-49.39774,-28.77092],[-49.39075,-28.77075],[-49.39093,-28.77115],[-49.39122,-28.77168],[-49.39138,-28.77194],[-49.3915,-28.77233],[-49.39157,-28.77262],[-49.39167,-28.77282],[-49.39173,-28.7729],[-49.39193,-28.77299],[-49.39231,-28.77314],[-49.39263,-28.77331],[-49.39293,-28.77356],[-49.39316,-28.77391],[-49.39333,-28.77421],[-49.39341,-28.77445],[-49.39347,-28.77475],[-49.39341,-28.775],[-49.39327,-28.77522],[-49.3931,-28.77539],[-49.39224,-28.77634],[-49.39204,-28.77665],[-49.39195,-28.7769],[-49.39184,-28.7773],[-49.39172,-28.77779],[-49.39161,-28.77806],[-49.39125,-28.7785],[-49.39045,-28.77939],[-49.39025,-28.77966],[-49.39014,-28.77988],[-49.39008,-28.78008],[-49.39005,-28.78027],[-49.39007,-28.78047],[-49.39032,-28.78153],[-49.39044,-28.78177],[-49.39065,-28.78199],[-49.39091,-28.78223],[-49.3911,-28.78243],[-49.39117,-28.78264],[-49.39117,-28.78287],[-49.39106,-28.78315],[-49.39082,-28.78351],[-49.39067,-28.78382],[-49.39055,-28.78432],[-49.39035,-28.78498],[-49.39009,-28.78552],[-49.38986,-28.78589],[-49.38967,-28.78626],[-49.38955,-28.78652],[-49.38951,-28.78675],[-49.38956,-28.7872],[-49.38955,-28.78749],[-49.38939,-28.78811],[-49.38913,-28.78895],[-49.38931,-28.79026],[-49.38929,-28.7905],[-49.38919,-28.79083],[-49.38898,-28.79123],[-49.38848,-28.79191],[-49.38823,-28.79226],[-49.388,-28.79247],[-49.38779,-28.79268],[-49.38764,-28.79291],[-49.38756,-28.79313],[-49.38752,-28.79331],[-49.38751,-28.79347],[-49.38773,-28.79451],[-49.38786,-28.79534],[-49.38789,-28.79571],[-49.38786,-28.79649],[-49.38786,-28.79687],[-49.38778,-28.79707],[-49.38749,-28.79768],[-49.38724,-28.79824],[-49.38663,-28.79903],[-49.38658,-28.79916],[-49.38663,-28.79943],[-49.3869,-28.80005],[-49.38691,-28.80019],[-49.38689,-28.80059],[-49.38663,-28.80163],[-49.3865,-28.80209],[-49.38644,-28.8023],[-49.38636,-28.80247],[-49.38629,-28.80257],[-49.38611,-28.80282],[-49.38598,-28.80298],[-49.38584,-28.80324],[-49.38579,-28.80344],[-49.38577,-28.80363],[-49.38585,-28.80388],[-49.38599,-28.80411],[-49.38617,-28.80437],[-49.38634,-28.8046],[-49.38646,-28.80477],[-49.38649,-28.80493],[-49.38648,-28.80519],[-49.38647,-28.80556],[-49.38653,-28.80593],[-49.38658,-28.80623],[-49.38664,-28.80669],[-49.38674,-28.80707],[-49.38687,-28.8074],[-49.38697,-28.80762],[-49.387,-28.80785],[-49.38701,-28.80805],[-49.38692,-28.80835],[-49.3868,-28.80877],[-49.38668,-28.80929],[-49.38656,-28.80985],[-49.38652,-28.81001],[-49.38642,-28.81019],[-49.38617,-28.81052],[-49.38547,-28.81142],[-49.38545,-28.81145],[-49.38545,-28.81145],[-49.38539,-28.81154],[-49.38537,-28.81158],[-49.38535,-28.81161],[-49.38587,-28.81181],[-49.38654,-28.81211],[-49.38805,-28.81272],[-49.38897,-28.81313],[-49.38961,-28.81338],[-49.38995,-28.81355],[-49.39026,-28.81373],[-49.39066,-28.81398],[-49.39098,-28.81421],[-49.39134,-28.81452],[-49.39175,-28.8149],[-49.39234,-28.81547],[-49.39306,-28.81615],[-49.39373,-28.81673],[-49.39425,-28.81714],[-49.39467,-28.81745],[-49.39474,-28.81617],[-49.39544,-28.80609],[-49.39557,-28.80416],[-49.39559,-28.80395],[-49.39562,-28.803],[-49.39561,-28.80297]]]}},{"type":"Feature","id":"4204608057","properties":{"id":"4204608057","name":"Buenos Aires","city":"Criciúma","cityCode":"4204608"},"geometry":{"type":"Polygon","coordinates":[[[-49.31206,-28.6475],[-49.31208,-28.64688],[-49.31207,-28.64656],[-49.30955,-28.64657],[-49.30955,-28.64692],[-49.30956,-28.64749],[-49.30956,-28.6475],[-49.30955,-28.64785],[-49.30955,-28.64811],[-49.30956,-28.64873],[-49.30956,-28.64936],[-49.30956,-28.6506],[-49.30956,-28.65124],[-49.30955,-28.65142],[-49.30956,-28.65162],[-49.3096,-28.65161],[-49.30964,-28.65161],[-49.30969,-28.6516],[-49.30979,-28.65159],[-49.31,-28.65153],[-49.31007,-28.65152],[-49.31008,-28.65152],[-49.31011,-28.65152],[-49.31019,-28.65152],[-49.31037,-28.6515],[-49.3107,-28.65144],[-49.31075,-28.65144],[-49.31081,-28.65143],[-49.31087,-28.65142],[-49.31093,-28.65143],[-49.31099,-28.65145],[-49.3112,-28.65152],[-49.31123,-28.65155],[-49.31129,-28.65159],[-49.31131,-28.65163],[-49.3114,-28.65171],[-49.31144,-28.65173],[-49.31149,-28.65176],[-49.31154,-28.6518],[-49.31157,-28.65184],[-49.31161,-28.65186],[-49.31167,-28.65187],[-49.31172,-28.65188],[-49.31176,-28.65188],[-49.31181,-28.65187],[-49.31185,-28.65187],[-49.3119,-28.65188],[-49.31198,-28.65186],[-49.31203,-28.65184],[-49.31209,-28.65182],[-49.31212,-28.65181],[-49.31213,-28.65181],[-49.31217,-28.65182],[-49.31219,-28.65183],[-49.31221,-28.65185],[-49.31226,-28.65191],[-49.31244,-28.65225],[-49.31245,-28.65227],[-49.31248,-28.65229],[-49.3125,-28.6523],[-49.31251,-28.65231],[-49.31265,-28.65239],[-49.31275,-28.65243],[-49.31288,-28.6525],[-49.313,-28.65256],[-49.31319,-28.65266],[-49.31348,-28.65287],[-49.31364,-28.65297],[-49.31368,-28.65298],[-49.3137,-28.65298],[-49.31377,-28.65299],[-49.31382,-28.65298],[-49.31394,-28.65298],[-49.31405,-28.65296],[-49.31414,-28.65298],[-49.31418,-28.653],[-49.31421,-28.65303],[-49.31424,-28.65304],[-49.31432,-28.65305],[-49.31449,-28.65307],[-49.31456,-28.65309],[-49.31463,-28.65309],[-49.31472,-28.65308],[-49.31479,-28.65307],[-49.315,-28.65306],[-49.3152,-28.65305],[-49.31527,-28.65304],[-49.31545,-28.65303],[-49.31581,-28.65302],[-49.31587,-28.65301],[-49.31588,-28.653],[-49.31591,-28.653],[-49.31592,-28.65299],[-49.31598,-28.65299],[-49.31612,-28.65298],[-49.31615,-28.65298],[-49.31616,-28.65111],[-49.31616,-28.65099],[-49.31615,-28.65],[-49.31617,-28.64932],[-49.31612,-28.64875],[-49.31603,-28.64786],[-49.31603,-28.64764],[-49.31607,-28.64741],[-49.31206,-28.6475]]]}},{"type":"Feature","id":"4204608007","properties":{"id":"4204608007","name":"Santa Bárbara","city":"Criciúma","cityCode":"4204608"},"geometry":{"type":"Polygon","coordinates":[[[-49.38011,-28.68858],[-49.38014,-28.68859],[-49.38018,-28.6886],[-49.3802,-28.68861],[-49.38028,-28.68863],[-49.38033,-28.68865],[-49.38113,-28.68895],[-49.38156,-28.68913],[-49.38184,-28.68924],[-49.38236,-28.68945],[-49.38304,-28.68972],[-49.38368,-28.68999],[-49.38465,-28.69037],[-49.38544,-28.69068],[-49.38596,-28.69089],[-49.38651,-28.69115],[-49.38719,-28.69144],[-49.38812,-28.69056],[-49.38906,-28.68974],[-49.38892,-28.68958],[-49.38975,-28.68899],[-49.38991,-28.68895],[-49.38984,-28.68872],[-49.38979,-28.68851],[-49.38976,-28.68837],[-49.38977,-28.68784],[-49.38982,-28.687],[-49.38983,-28.68666],[-49.38982,-28.68635],[-49.38977,-28.6861],[-49.38969,-28.68582],[-49.3895,-28.68543],[-49.38936,-28.68525],[-49.3893,-28.68516],[-49.38906,-28.68487],[-49.38869,-28.6846],[-49.38832,-28.68434],[-49.38794,-28.68409],[-49.38667,-28.6832],[-49.38618,-28.68286],[-49.38555,-28.68245],[-49.38515,-28.68218],[-49.38475,-28.68198],[-49.38457,-28.6819],[-49.38457,-28.6819],[-49.38435,-28.68183],[-49.38401,-28.68171],[-49.38359,-28.68163],[-49.38318,-28.68159],[-49.38281,-28.68159],[-49.38113,-28.68153],[-49.38093,-28.68152],[-49.38017,-28.68146],[-49.38039,-28.68165],[-49.3807,-28.68195],[-49.37941,-28.68316],[-49.37843,-28.68409],[-49.3775,-28.68496],[-49.37671,-28.68572],[-49.37659,-28.68578],[-49.37647,-28.6858],[-49.37593,-28.6858],[-49.37592,-28.68639],[-49.37592,-28.68699],[-49.37592,-28.68762],[-49.37591,-28.68821],[-49.37591,-28.68884],[-49.3759,-28.6894],[-49.37592,-28.69003],[-49.37591,-28.69071],[-49.37591,-28.69141],[-49.37591,-28.69218],[-49.37726,-28.69218],[-49.37862,-28.69221],[-49.37863,-28.69142],[-49.37862,-28.69072],[-49.37862,-28.69002],[-49.37864,-28.68996],[-49.37872,-28.68985],[-49.37933,-28.68925],[-49.37993,-28.68872],[-49.37997,-28.68869],[-49.38002,-28.68865],[-49.38006,-28.68862],[-49.38008,-28.6886],[-49.38011,-28.68858]]]}},{"type":"Feature","id":"4204608036","properties":{"id":"4204608036","name":"Vila Rica","city":"Criciúma","cityCode":"4204608"},"geometry":{"type":"Polygon","coordinates":[[[-49.33001,-28.67899],[-49.33049,-28.67897],[-49.33139,-28.67907],[-49.33192,-28.67913],[-49.33245,-28.67919],[-49.33248,-28.67919],[-49.33256,-28.67919],[-49.33258,-28.67923],[-49.3327,-28.67924],[-49.3327,-28.67838],[-49.33271,-28.67725],[-49.33272,-28.67607],[-49.33273,-28.67515],[-49.33275,-28.67295],[-49.33276,-28.67232],[-49.33278,-28.67109],[-49.33274,-28.67109],[-49.32904,-28.67104],[-49.329,-28.67104],[-49.32903,-28.66913],[-49.32903,-28.66804],[-49.32908,-28.66728],[-49.3287,-28.66726],[-49.32754,-28.66722],[-49.32666,-28.66719],[-49.32543,-28.66718],[-49.32534,-28.67099],[-49.32612,-28.67101],[-49.32615,-28.67102],[-49.32613,-28.67219],[-49.32612,-28.6729],[-49.3261,-28.67357],[-49.32621,-28.67357],[-49.32621,-28.67422],[-49.32624,-28.67422],[-49.32623,-28.67494],[-49.32623,-28.67539],[-49.32621,-28.67652],[-49.32621,-28.67657],[-49.32619,-28.67664],[-49.32619,-28.67704],[-49.32617,-28.67718],[-49.32616,-28.67755],[-49.32613,-28.6792],[-49.32611,-28.68051],[-49.32607,-28.68053],[-49.3267,-28.68049],[-49.3277,-28.68006],[-49.32857,-28.67961],[-49.32933,-28.67921],[-49.32995,-28.67899],[-49.33001,-28.67899]]]}},{"type":"Feature","id":"4204608051","properties":{"id":"4204608051","name":"Colonial","city":"Criciúma","cityCode":"4204608"},"geometry":{"type":"Polygon","coordinates":[[[-49.4381,-28.64669],[-49.43688,-28.64714],[-49.43499,-28.64557],[-49.43502,-28.64569],[-49.435,-28.64579],[-49.43171,-28.64878],[-49.43207,-28.6489],[-49.43252,-28.64907],[-49.43269,-28.64919],[-49.43286,-28.64944],[-49.433,-28.64979],[-49.43311,-28.65024],[-49.43323,-28.65068],[-49.43342,-28.65134],[-49.43347,-28.65172],[-49.43356,-28.65212],[-49.43365,-28.65249],[-49.43375,-28.6528],[-49.43387,-28.65296],[-49.43406,-28.65308],[-49.43472,-28.65301],[-49.43503,-28.65302],[-49.43535,-28.65306],[-49.4361,-28.65335],[-49.43615,-28.65338],[-49.43638,-28.65351],[-49.43693,-28.65378],[-49.43774,-28.65416],[-49.43807,-28.6543],[-49.43858,-28.65456],[-49.43868,-28.65458],[-49.43892,-28.65461],[-49.43914,-28.65463],[-49.43943,-28.65466],[-49.43987,-28.65468],[-49.44032,-28.65471],[-49.44068,-28.65471],[-49.44104,-28.65468],[-49.44151,-28.65476],[-49.44222,-28.65488],[-49.44243,-28.65494],[-49.44288,-28.65512],[-49.44339,-28.65534],[-49.44367,-28.65542],[-49.4439,-28.65543],[-49.44408,-28.65542],[-49.44415,-28.65541],[-49.44475,-28.65525],[-49.44503,-28.65515],[-49.44533,-28.6551],[-49.44581,-28.65507],[-49.44597,-28.65499],[-49.446,-28.65499],[-49.44601,-28.655],[-49.44865,-28.6551],[-49.45482,-28.65552],[-49.45416,-28.65103],[-49.45165,-28.63388],[-49.45067,-28.63394],[-49.44689,-28.63418],[-49.44426,-28.63434],[-49.44181,-28.63449],[-49.44166,-28.63475],[-49.44138,-28.6352],[-49.44113,-28.63577],[-49.44093,-28.63638],[-49.44082,-28.63679],[-49.44076,-28.63726],[-49.44067,-28.63772],[-49.44062,-28.63798],[-49.44061,-28.63814],[-49.44063,-28.63834],[-49.44071,-28.63847],[-49.44083,-28.63865],[-49.44096,-28.63883],[-49.44113,-28.63903],[-49.44139,-28.63935],[-49.44158,-28.63958],[-49.44165,-28.6397],[-49.44166,-28.63982],[-49.44165,-28.63995],[-49.44161,-28.64011],[-49.44155,-28.64022],[-49.44146,-28.64035],[-49.44136,-28.64044],[-49.4413,-28.64055],[-49.4413,-28.64074],[-49.44133,-28.64099],[-49.44135,-28.64135],[-49.44132,-28.64193],[-49.44102,-28.64228],[-49.44082,-28.64245],[-49.44074,-28.64277],[-49.44076,-28.64294],[-49.44081,-28.64314],[-49.44081,-28.64329],[-49.44073,-28.64345],[-49.44051,-28.6437],[-49.44037,-28.64385],[-49.43993,-28.6443],[-49.4381,-28.64669]]]}},{"type":"Feature","id":"4204608502","properties":{"id":"4204608502","name":"Distrito Industrial","city":"Criciúma","cityCode":"4204608"},"geometry":{"type":"Polygon","coordinates":[[[-49.42452,-28.67854],[-49.42409,-28.67804],[-49.42269,-28.67801],[-49.42147,-28.67795],[-49.4206,-28.67791],[-49.4206,-28.67795],[-49.4206,-28.67796],[-49.42054,-28.67843],[-49.42046,-28.67887],[-49.42045,-28.67897],[-49.42046,-28.67906],[-49.42047,-28.67915],[-49.4205,-28.67934],[-49.42053,-28.67948],[-49.42056,-28.67964],[-49.42057,-28.67977],[-49.42057,-28.67987],[-49.42056,-28.67995],[-49.42055,-28.67999],[-49.42053,-28.68006],[-49.4205,-28.68013],[-49.42099,-28.68016],[-49.42243,-28.68013],[-49.42568,-28.68012],[-49.42589,-28.6801],[-49.42722,-28.68163],[-49.42724,-28.68178],[-49.42918,-28.68178],[-49.4292,-28.68096],[-49.4322,-28.68094],[-49.43213,-28.67848],[-49.42452,-28.67854]]]}},{"type":"Feature","id":"4204608513","properties":{"id":"4204608513","name":"Vila Manaus","city":"Criciúma","cityCode":"4204608"},"geometry":{"type":"Polygon","coordinates":[[[-49.42582,-28.70012],[-49.4273,-28.7002],[-49.42735,-28.69935],[-49.42736,-28.69911],[-49.42743,-28.69812],[-49.42748,-28.69807],[-49.42909,-28.69818],[-49.42904,-28.6988],[-49.43086,-28.69895],[-49.43088,-28.69857],[-49.43087,-28.69857],[-49.43028,-28.69818],[-49.42961,-28.69771],[-49.42902,-28.69728],[-49.42837,-28.69683],[-49.42812,-28.69662],[-49.42793,-28.69644],[-49.42762,-28.69612],[-49.42758,-28.69608],[-49.4273,-28.69576],[-49.42709,-28.69549],[-49.42683,-28.69508],[-49.42659,-28.69461],[-49.42643,-28.69424],[-49.42637,-28.69412],[-49.42629,-28.69376],[-49.4262,-28.69341],[-49.42539,-28.69337],[-49.42549,-28.69251],[-49.42409,-28.69275],[-49.42405,-28.69311],[-49.42368,-28.693],[-49.42335,-28.69287],[-49.42314,-28.69276],[-49.42242,-28.6934],[-49.42244,-28.69383],[-49.42243,-28.69405],[-49.42236,-28.69427],[-49.42227,-28.69444],[-49.42216,-28.69461],[-49.422,-28.69482],[-49.42182,-28.69506],[-49.42168,-28.6952],[-49.42056,-28.6967],[-49.42018,-28.69722],[-49.41984,-28.69771],[-49.41883,-28.69771],[-49.41879,-28.69821],[-49.41875,-28.69875],[-49.41871,-28.69929],[-49.41868,-28.69959],[-49.41865,-28.69988],[-49.4205,-28.69999],[-49.42315,-28.70018],[-49.4233,-28.70022],[-49.42583,-28.70037],[-49.42582,-28.70012],[-49.42582,-28.70012]]]}},{"type":"Feature","id":"4204608055","properties":{"id":"4204608055","name":"Vila Isabel","city":"Criciúma","cityCode":"4204608"},"geometry":{"type":"Polygon","coordinates":[[[-49.42423,-28.67071],[-49.4241,-28.67074],[-49.42389,-28.67075],[-49.42374,-28.67071],[-49.42364,-28.67067],[-49.42358,-28.67061],[-49.42326,-28.67044],[-49.42314,-28.67039],[-49.42301,-28.67037],[-49.42289,-28.67034],[-49.42263,-28.67033],[-49.42248,-28.67031],[-49.42223,-28.67025],[-49.42193,-28.6701],[-49.42169,-28.66998],[-49.42165,-28.67039],[-49.42153,-28.67124],[-49.42144,-28.67183],[-49.42116,-28.67184],[-49.42122,-28.67216],[-49.42128,-28.67248],[-49.4214,-28.67304],[-49.42146,-28.67335],[-49.42148,-28.67344],[-49.42145,-28.67345],[-49.42144,-28.67345],[-49.42139,-28.67347],[-49.42119,-28.67352],[-49.42111,-28.67355],[-49.42106,-28.67358],[-49.42099,-28.67364],[-49.42096,-28.67369],[-49.42092,-28.67377],[-49.42091,-28.67379],[-49.4209,-28.674],[-49.42087,-28.6742],[-49.42084,-28.67439],[-49.42083,-28.67456],[-49.42082,-28.67465],[-49.42083,-28.67498],[-49.42083,-28.67504],[-49.42084,-28.67508],[-49.42088,-28.67518],[-49.42088,-28.67519],[-49.42089,-28.67522],[-49.4209,-28.67525],[-49.4209,-28.67525],[-49.421,-28.67562],[-49.42101,-28.67571],[-49.421,-28.6758],[-49.42094,-28.67619],[-49.42093,-28.67626],[-49.42093,-28.6763],[-49.42093,-28.67633],[-49.42083,-28.67632],[-49.42056,-28.67627],[-49.4192,-28.6761],[-49.41897,-28.67666],[-49.41875,-28.67726],[-49.41853,-28.67783],[-49.41976,-28.67789],[-49.4206,-28.67791],[-49.42147,-28.67795],[-49.42269,-28.67801],[-49.42409,-28.67804],[-49.42454,-28.67804],[-49.42561,-28.67802],[-49.42663,-28.67801],[-49.42712,-28.67797],[-49.42757,-28.67788],[-49.42806,-28.67773],[-49.42845,-28.67755],[-49.42885,-28.67734],[-49.42984,-28.67673],[-49.43008,-28.67659],[-49.43141,-28.67578],[-49.43141,-28.67574],[-49.43141,-28.67573],[-49.43148,-28.67252],[-49.43148,-28.67242],[-49.4315,-28.67163],[-49.4315,-28.6716],[-49.43023,-28.67133],[-49.43024,-28.66998],[-49.43025,-28.66931],[-49.43024,-28.6689],[-49.43024,-28.66867],[-49.42893,-28.66868],[-49.42894,-28.66795],[-49.42895,-28.66674],[-49.42895,-28.6661],[-49.42898,-28.66598],[-49.42831,-28.66611],[-49.42737,-28.66632],[-49.42726,-28.66634],[-49.42661,-28.6665],[-49.42655,-28.66651],[-49.42573,-28.6667],[-49.42551,-28.66675],[-49.42532,-28.6668],[-49.4253,-28.66684],[-49.4253,-28.66685],[-49.42522,-28.66718],[-49.42503,-28.66773],[-49.42472,-28.66758],[-49.42441,-28.66787],[-49.42439,-28.66815],[-49.42462,-28.66816],[-49.42467,-28.66877],[-49.42462,-28.66879],[-49.42429,-28.66892],[-49.4239,-28.66902],[-49.4249,-28.67035],[-49.42463,-28.67049],[-49.42438,-28.67063],[-49.42423,-28.67071]]]}},{"type":"Feature","id":"4204608509","properties":{"id":"4204608509","name":"Santa Luzia","city":"Criciúma","cityCode":"4204608"},"geometry":{"type":"Polygon","coordinates":[[[-49.42945,-28.70614],[-49.42968,-28.70602],[-49.4302,-28.70568],[-49.43085,-28.70527],[-49.43092,-28.70446],[-49.43101,-28.70286],[-49.43144,-28.70287],[-49.43167,-28.70286],[-49.43222,-28.70282],[-49.43273,-28.70279],[-49.43306,-28.70276],[-49.43345,-28.70273],[-49.43387,-28.70269],[-49.43417,-28.70267],[-49.43488,-28.7026],[-49.43587,-28.70251],[-49.43582,-28.70185],[-49.43576,-28.70163],[-49.4357,-28.7015],[-49.43557,-28.70133],[-49.4353,-28.70104],[-49.435,-28.70069],[-49.43429,-28.70045],[-49.43405,-28.70036],[-49.43376,-28.70023],[-49.43349,-28.70013],[-49.43295,-28.69986],[-49.43253,-28.6996],[-49.43221,-28.69941],[-49.43088,-28.69857],[-49.43086,-28.69895],[-49.42904,-28.6988],[-49.42909,-28.69818],[-49.42748,-28.69807],[-49.42743,-28.69812],[-49.42736,-28.69911],[-49.42735,-28.69935],[-49.4273,-28.7002],[-49.42582,-28.70012],[-49.42582,-28.70012],[-49.42583,-28.70037],[-49.4233,-28.70022],[-49.42315,-28.70018],[-49.4205,-28.69999],[-49.41865,-28.69988],[-49.41868,-28.69959],[-49.41654,-28.69955],[-49.41668,-28.69966],[-49.41684,-28.69984],[-49.41688,-28.69991],[-49.41696,-28.70013],[-49.41705,-28.70041],[-49.41722,-28.70081],[-49.41729,-28.70102],[-49.41734,-28.70116],[-49.41741,-28.70135],[-49.41749,-28.70155],[-49.4175,-28.70159],[-49.41751,-28.70163],[-49.41754,-28.70168],[-49.4176,-28.70179],[-49.41764,-28.70204],[-49.41766,-28.70219],[-49.4177,-28.70231],[-49.41774,-28.70237],[-49.41782,-28.70245],[-49.41785,-28.7025],[-49.41789,-28.70256],[-49.41793,-28.70262],[-49.41796,-28.70267],[-49.4181,-28.70283],[-49.41817,-28.7029],[-49.41827,-28.70296],[-49.4184,-28.70304],[-49.41859,-28.70313],[-49.41874,-28.70321],[-49.41882,-28.70326],[-49.419,-28.70337],[-49.41907,-28.70346],[-49.41915,-28.70357],[-49.41953,-28.7041],[-49.41967,-28.7043],[-49.41973,-28.70446],[-49.41975,-28.70457],[-49.41976,-28.70482],[-49.4198,-28.70538],[-49.41988,-28.70569],[-49.41999,-28.70604],[-49.42005,-28.70614],[-49.42007,-28.7062],[-49.42006,-28.70625],[-49.42006,-28.70628],[-49.42004,-28.70633],[-49.42001,-28.70638],[-49.41998,-28.70642],[-49.41991,-28.70649],[-49.41988,-28.70653],[-49.41985,-28.70659],[-49.41983,-28.70662],[-49.41982,-28.70665],[-49.41979,-28.70681],[-49.41978,-28.70685],[-49.41979,-28.70697],[-49.4198,-28.70704],[-49.41984,-28.70716],[-49.41987,-28.70724],[-49.41991,-28.70734],[-49.41998,-28.70751],[-49.42,-28.7076],[-49.42003,-28.70769],[-49.42006,-28.70779],[-49.42007,-28.70784],[-49.42011,-28.70799],[-49.42015,-28.70805],[-49.42016,-28.70809],[-49.42017,-28.70813],[-49.4202,-28.70823],[-49.42022,-28.70834],[-49.42038,-28.70883],[-49.4206,-28.70959],[-49.42069,-28.7099],[-49.42072,-28.71],[-49.42079,-28.71023],[-49.42087,-28.71049],[-49.42099,-28.7109],[-49.42113,-28.71137],[-49.42118,-28.71157],[-49.42129,-28.71182],[-49.4213,-28.7118],[-49.42132,-28.71179],[-49.42136,-28.71176],[-49.42143,-28.71173],[-49.42163,-28.71169],[-49.4218,-28.71166],[-49.4222,-28.71161],[-49.42239,-28.71157],[-49.42273,-28.71149],[-49.42283,-28.71148],[-49.42314,-28.71143],[-49.42355,-28.71135],[-49.42382,-28.71131],[-49.42386,-28.7113],[-49.42391,-28.71129],[-49.42395,-28.7113],[-49.424,-28.7113],[-49.42403,-28.71129],[-49.42408,-28.71127],[-49.42413,-28.71124],[-49.42421,-28.71111],[-49.42422,-28.71111],[-49.42424,-28.71108],[-49.42427,-28.71106],[-49.42428,-28.71106],[-49.42436,-28.71101],[-49.42455,-28.71078],[-49.42488,-28.71043],[-49.42509,-28.71018],[-49.42529,-28.70997],[-49.42562,-28.70962],[-49.4259,-28.70928],[-49.42617,-28.70898],[-49.42639,-28.70874],[-49.42652,-28.70857],[-49.42663,-28.70845],[-49.42676,-28.70834],[-49.42683,-28.70827],[-49.42695,-28.70816],[-49.42707,-28.70804],[-49.42715,-28.70796],[-49.42721,-28.70792],[-49.42728,-28.70784],[-49.42729,-28.70782],[-49.42732,-28.70778],[-49.42734,-28.70774],[-49.4274,-28.70767],[-49.42747,-28.70759],[-49.42753,-28.70749],[-49.42756,-28.70746],[-49.42758,-28.70744],[-49.42763,-28.7074],[-49.42772,-28.70734],[-49.42778,-28.70731],[-49.42792,-28.70727],[-49.42807,-28.70721],[-49.42818,-28.70716],[-49.42832,-28.70708],[-49.42839,-28.70703],[-49.42845,-28.70698],[-49.42854,-28.70692],[-49.42858,-28.7069],[-49.42862,-28.70687],[-49.42866,-28.70684],[-49.42868,-28.70683],[-49.42874,-28.70677],[-49.42876,-28.70675],[-49.42877,-28.70673],[-49.42878,-28.70671],[-49.42901,-28.70654],[-49.42911,-28.70646],[-49.42921,-28.70638],[-49.42925,-28.70634],[-49.42931,-28.70627],[-49.42935,-28.70622],[-49.42942,-28.70618],[-49.42942,-28.70617],[-49.42945,-28.70614]]]}},{"type":"Feature","id":"4204608518","properties":{"id":"4204608518","name":"Wosocris","city":"Criciúma","cityCode":"4204608"},"geometry":{"type":"Polygon","coordinates":[[[-49.43558,-28.66719],[-49.43559,-28.66716],[-49.43559,-28.66715],[-49.43568,-28.66687],[-49.43569,-28.66684],[-49.43579,-28.66673],[-49.43586,-28.66667],[-49.43589,-28.66664],[-49.43593,-28.6666],[-49.43595,-28.66658],[-49.43598,-28.66656],[-49.43603,-28.66653],[-49.43607,-28.6665],[-49.43612,-28.66648],[-49.43615,-28.66647],[-49.43619,-28.66647],[-49.43627,-28.66646],[-49.43636,-28.66644],[-49.43641,-28.66644],[-49.43644,-28.66643],[-49.43647,-28.66643],[-49.4365,-28.66643],[-49.43653,-28.66644],[-49.43657,-28.66644],[-49.43663,-28.66643],[-49.43668,-28.66641],[-49.4367,-28.6664],[-49.43678,-28.66636],[-49.43683,-28.66634],[-49.4369,-28.66632],[-49.43697,-28.66631],[-49.43702,-28.6663],[-49.43705,-28.66629],[-49.43708,-28.66627],[-49.43711,-28.66624],[-49.43718,-28.66616],[-49.43723,-28.66611],[-49.4373,-28.66606],[-49.43736,-28.66601],[-49.4374,-28.66597],[-49.43743,-28.66592],[-49.43746,-28.66586],[-49.4375,-28.6658],[-49.43753,-28.66576],[-49.43759,-28.6657],[-49.43765,-28.66566],[-49.43773,-28.66562],[-49.43781,-28.66558],[-49.43789,-28.66554],[-49.43796,-28.66549],[-49.438,-28.66544],[-49.43803,-28.66538],[-49.43805,-28.66534],[-49.43808,-28.66524],[-49.43811,-28.66512],[-49.43813,-28.66504],[-49.43817,-28.66493],[-49.43821,-28.66483],[-49.43824,-28.66474],[-49.43826,-28.66467],[-49.43827,-28.66458],[-49.43829,-28.66453],[-49.43831,-28.66446],[-49.43835,-28.66439],[-49.43837,-28.66433],[-49.43839,-28.66421],[-49.4384,-28.66411],[-49.4384,-28.66406],[-49.4384,-28.66406],[-49.43839,-28.66402],[-49.43839,-28.66398],[-49.43838,-28.66396],[-49.43838,-28.66391],[-49.43839,-28.66385],[-49.43842,-28.66377],[-49.43846,-28.66372],[-49.43853,-28.66362],[-49.43857,-28.66354],[-49.43859,-28.66352],[-49.43861,-28.6635],[-49.43863,-28.66349],[-49.43864,-28.66349],[-49.43848,-28.66343],[-49.43713,-28.66309],[-49.43625,-28.66283],[-49.43561,-28.66284],[-49.43488,-28.66286],[-49.43407,-28.66288],[-49.43323,-28.66291],[-49.43305,-28.66296],[-49.43272,-28.66314],[-49.43213,-28.66352],[-49.43129,-28.66407],[-49.43075,-28.66443],[-49.43096,-28.66451],[-49.43183,-28.66473],[-49.43145,-28.6659],[-49.43181,-28.66599],[-49.43166,-28.66635],[-49.43163,-28.66804],[-49.43212,-28.66807],[-49.43298,-28.66815],[-49.43534,-28.66832],[-49.43531,-28.66829],[-49.43529,-28.66827],[-49.43527,-28.66822],[-49.43526,-28.66817],[-49.43525,-28.6681],[-49.43526,-28.66804],[-49.43527,-28.66796],[-49.4353,-28.66786],[-49.4354,-28.66768],[-49.43543,-28.66761],[-49.43555,-28.6673],[-49.43557,-28.66722],[-49.43557,-28.66722],[-49.43558,-28.66719]]]}},{"type":"Feature","id":"4204608500","properties":{"id":"4204608500","name":"Cidade Mineira Nova","city":"Criciúma","cityCode":"4204608"},"geometry":{"type":"Polygon","coordinates":[[[-49.41992,-28.68545],[-49.41985,-28.68618],[-49.4198,-28.68665],[-49.41979,-28.68688],[-49.41973,-28.68744],[-49.41972,-28.68762],[-49.41967,-28.68831],[-49.41964,-28.68881],[-49.41963,-28.68893],[-49.4206,-28.68923],[-49.42195,-28.68964],[-49.42212,-28.68969],[-49.42278,-28.68989],[-49.42327,-28.69006],[-49.42377,-28.6902],[-49.42394,-28.69026],[-49.42389,-28.69038],[-49.4239,-28.6905],[-49.42404,-28.69058],[-49.42426,-28.69063],[-49.42508,-28.69089],[-49.42518,-28.69081],[-49.4253,-28.69076],[-49.42554,-28.69068],[-49.42558,-28.69045],[-49.42581,-28.69038],[-49.42594,-28.69033],[-49.4262,-28.6902],[-49.42647,-28.68994],[-49.42667,-28.6897],[-49.4268,-28.68945],[-49.42686,-28.68927],[-49.42694,-28.68781],[-49.42699,-28.6865],[-49.42706,-28.68566],[-49.42707,-28.68554],[-49.4271,-28.68482],[-49.42713,-28.6841],[-49.42714,-28.68407],[-49.42717,-28.68345],[-49.42717,-28.68337],[-49.42721,-28.68283],[-49.42722,-28.68265],[-49.42724,-28.68178],[-49.42722,-28.68163],[-49.42589,-28.6801],[-49.42568,-28.68012],[-49.42243,-28.68013],[-49.42099,-28.68016],[-49.4205,-28.68013],[-49.42046,-28.68019],[-49.42044,-28.68023],[-49.42041,-28.6803],[-49.42039,-28.68047],[-49.42039,-28.68055],[-49.42038,-28.68065],[-49.42039,-28.68078],[-49.42039,-28.68086],[-49.42039,-28.68091],[-49.42037,-28.68103],[-49.42036,-28.68108],[-49.42034,-28.68113],[-49.42031,-28.68121],[-49.42018,-28.68155],[-49.42012,-28.68165],[-49.42,-28.68179],[-49.41992,-28.68187],[-49.41987,-28.68194],[-49.41984,-28.68201],[-49.41981,-28.68208],[-49.41974,-28.68238],[-49.41973,-28.68243],[-49.41969,-28.68251],[-49.41964,-28.68261],[-49.41959,-28.68273],[-49.41958,-28.68277],[-49.41985,-28.68281],[-49.42001,-28.68276],[-49.42019,-28.68275],[-49.42015,-28.68296],[-49.42011,-28.68321],[-49.42005,-28.68393],[-49.42005,-28.68393],[-49.42001,-28.68435],[-49.41998,-28.68472],[-49.41994,-28.68514],[-49.41992,-28.68545]]]}},{"type":"Feature","id":"4204608517","properties":{"id":"4204608517","name":"Vila Visconde","city":"Criciúma","cityCode":"4204608"},"geometry":{"type":"Polygon","coordinates":[[[-49.43615,-28.65338],[-49.4361,-28.65335],[-49.43535,-28.65306],[-49.43503,-28.65302],[-49.43472,-28.65301],[-49.43406,-28.65308],[-49.43392,-28.65308],[-49.43374,-28.6531],[-49.43312,-28.65321],[-49.43213,-28.65338],[-49.43098,-28.65354],[-49.42995,-28.6537],[-49.42859,-28.6539],[-49.42893,-28.65412],[-49.42906,-28.6543],[-49.42912,-28.65447],[-49.42926,-28.65532],[-49.42949,-28.65603],[-49.42974,-28.6566],[-49.42987,-28.6568],[-49.43,-28.65693],[-49.43013,-28.65706],[-49.43772,-28.65711],[-49.44101,-28.6571],[-49.44105,-28.65628],[-49.44108,-28.65576],[-49.4411,-28.65483],[-49.44104,-28.65468],[-49.44068,-28.65471],[-49.44032,-28.65471],[-49.43987,-28.65468],[-49.43943,-28.65466],[-49.43914,-28.65463],[-49.43892,-28.65461],[-49.43868,-28.65458],[-49.43858,-28.65456],[-49.43807,-28.6543],[-49.43774,-28.65416],[-49.43693,-28.65378],[-49.43638,-28.65351],[-49.43615,-28.65338]]]}},{"type":"Feature","id":"4204608507","properties":{"id":"4204608507","name":"Monte Castelo","city":"Criciúma","cityCode":"4204608"},"geometry":{"type":"Polygon","coordinates":[[[-49.4083,-28.66403],[-49.40823,-28.66409],[-49.40808,-28.66416],[-49.40792,-28.66419],[-49.40771,-28.66423],[-49.40751,-28.66423],[-49.40731,-28.6642],[-49.4072,-28.66419],[-49.40702,-28.66416],[-49.40689,-28.66413],[-49.40669,-28.66411],[-49.40652,-28.6641],[-49.40645,-28.66408],[-49.40641,-28.66407],[-49.4064,-28.66406],[-49.40638,-28.66404],[-49.40635,-28.66398],[-49.40634,-28.66392],[-49.40634,-28.66381],[-49.40635,-28.66369],[-49.40637,-28.6636],[-49.4064,-28.66344],[-49.40643,-28.66329],[-49.40647,-28.66312],[-49.40647,-28.66308],[-49.40648,-28.66301],[-49.40649,-28.66283],[-49.40651,-28.66269],[-49.40651,-28.66265],[-49.40651,-28.66264],[-49.40651,-28.66262],[-49.40626,-28.6626],[-49.40594,-28.66258],[-49.40562,-28.66259],[-49.40529,-28.66263],[-49.40501,-28.66266],[-49.4049,-28.66269],[-49.40495,-28.66334],[-49.40496,-28.66367],[-49.40498,-28.66404],[-49.40498,-28.6641],[-49.40498,-28.66484],[-49.40499,-28.66546],[-49.405,-28.66587],[-49.405,-28.66607],[-49.405,-28.66616],[-49.405,-28.6667],[-49.40502,-28.66729],[-49.40501,-28.66771],[-49.40501,-28.6679],[-49.40501,-28.66925],[-49.40524,-28.66935],[-49.40633,-28.66992],[-49.40688,-28.67013],[-49.40722,-28.67026],[-49.40778,-28.67043],[-49.4081,-28.67054],[-49.40836,-28.67059],[-49.40887,-28.67072],[-49.40916,-28.67076],[-49.40933,-28.6708],[-49.40927,-28.67089],[-49.40925,-28.67095],[-49.40933,-28.67098],[-49.40943,-28.67095],[-49.40954,-28.67088],[-49.40963,-28.67098],[-49.40974,-28.67102],[-49.40982,-28.67096],[-49.40989,-28.67102],[-49.40989,-28.67113],[-49.40989,-28.67119],[-49.41009,-28.67124],[-49.41025,-28.6713],[-49.41047,-28.67138],[-49.41076,-28.67145],[-49.41104,-28.67154],[-49.41122,-28.67166],[-49.41141,-28.6718],[-49.4116,-28.67194],[-49.41184,-28.67214],[-49.41209,-28.6719],[-49.41194,-28.67033],[-49.41194,-28.67009],[-49.41204,-28.6702],[-49.4122,-28.67031],[-49.41258,-28.67044],[-49.41266,-28.6705],[-49.41285,-28.67047],[-49.41328,-28.67047],[-49.4137,-28.67046],[-49.41366,-28.67041],[-49.4136,-28.67014],[-49.41363,-28.66981],[-49.4138,-28.66926],[-49.41381,-28.66922],[-49.41383,-28.66919],[-49.41402,-28.66877],[-49.41415,-28.66842],[-49.41441,-28.6678],[-49.41441,-28.66769],[-49.41451,-28.66753],[-49.4146,-28.66738],[-49.41476,-28.66715],[-49.41482,-28.66711],[-49.41492,-28.66706],[-49.41504,-28.667],[-49.41519,-28.6669],[-49.41528,-28.66681],[-49.41531,-28.66677],[-49.41533,-28.66676],[-49.41537,-28.66667],[-49.41544,-28.66657],[-49.41548,-28.66647],[-49.41555,-28.66637],[-49.41562,-28.66626],[-49.41569,-28.66616],[-49.41579,-28.66603],[-49.41588,-28.66593],[-49.4159,-28.66584],[-49.4159,-28.6658],[-49.41587,-28.66576],[-49.41584,-28.66572],[-49.41577,-28.66569],[-49.41571,-28.66567],[-49.41564,-28.66566],[-49.41559,-28.66566],[-49.41555,-28.66568],[-49.41551,-28.6657],[-49.41544,-28.66576],[-49.41533,-28.66584],[-49.41516,-28.6659],[-49.41507,-28.66592],[-49.41497,-28.66592],[-49.41484,-28.66592],[-49.41473,-28.6659],[-49.41453,-28.66585],[-49.41438,-28.66581],[-49.41428,-28.66577],[-49.41423,-28.66573],[-49.4142,-28.66568],[-49.41417,-28.66561],[-49.41415,-28.66553],[-49.41409,-28.66545],[-49.41403,-28.66537],[-49.41396,-28.66529],[-49.41388,-28.66522],[-49.41375,-28.66513],[-49.41356,-28.66501],[-49.41338,-28.66492],[-49.41327,-28.66483],[-49.41321,-28.66475],[-49.41314,-28.66466],[-49.41308,-28.66455],[-49.41302,-28.66445],[-49.41293,-28.66432],[-49.41285,-28.66418],[-49.41275,-28.66405],[-49.41266,-28.66391],[-49.41259,-28.6638],[-49.41248,-28.66368],[-49.41236,-28.6636],[-49.41223,-28.66354],[-49.41197,-28.66342],[-49.41179,-28.66334],[-49.41164,-28.66327],[-49.41141,-28.66319],[-49.41119,-28.66309],[-49.411,-28.66297],[-49.41086,-28.66286],[-49.4107,-28.66273],[-49.41059,-28.66266],[-49.41036,-28.66254],[-49.41025,-28.66249],[-49.41017,-28.66249],[-49.41012,-28.66248],[-49.41005,-28.66249],[-49.41,-28.6625],[-49.40992,-28.66254],[-49.40978,-28.66268],[-49.40961,-28.6628],[-49.40949,-28.6629],[-49.4093,-28.66305],[-49.40912,-28.66317],[-49.40905,-28.66323],[-49.40885,-28.66339],[-49.40874,-28.66351],[-49.40863,-28.66364],[-49.40856,-28.66371],[-49.40845,-28.66383],[-49.40837,-28.66396],[-49.4083,-28.66403]]]}},{"type":"Feature","id":"4204608508","properties":{"id":"4204608508","name":"Nossa Senhora do Carmo","city":"Criciúma","cityCode":"4204608"},"geometry":{"type":"Polygon","coordinates":[[[-49.43864,-28.66349],[-49.44064,-28.66409],[-49.44232,-28.66213],[-49.44282,-28.66166],[-49.44309,-28.66148],[-49.44342,-28.66131],[-49.4439,-28.66113],[-49.4441,-28.66108],[-49.44437,-28.66106],[-49.44481,-28.66104],[-49.44569,-28.66104],[-49.44642,-28.66104],[-49.44697,-28.66111],[-49.44761,-28.66123],[-49.44859,-28.66144],[-49.44898,-28.6615],[-49.44936,-28.66161],[-49.44955,-28.66177],[-49.44966,-28.662],[-49.44968,-28.6622],[-49.44952,-28.66279],[-49.44951,-28.66303],[-49.44956,-28.66324],[-49.44973,-28.66347],[-49.45008,-28.66378],[-49.45056,-28.66415],[-49.45087,-28.66431],[-49.45109,-28.66436],[-49.45136,-28.66431],[-49.45155,-28.66417],[-49.45167,-28.66396],[-49.45165,-28.66371],[-49.45142,-28.66288],[-49.45144,-28.66259],[-49.45155,-28.66232],[-49.45172,-28.66204],[-49.452,-28.66184],[-49.45242,-28.66158],[-49.45312,-28.66117],[-49.4538,-28.66084],[-49.45414,-28.66076],[-49.45454,-28.6607],[-49.45498,-28.66067],[-49.45531,-28.66067],[-49.45545,-28.6607],[-49.45547,-28.66061],[-49.4555,-28.66056],[-49.45553,-28.66049],[-49.45554,-28.66045],[-49.45556,-28.66039],[-49.45556,-28.66038],[-49.45556,-28.66035],[-49.45554,-28.66022],[-49.45554,-28.66019],[-49.45555,-28.66015],[-49.45556,-28.66012],[-49.45556,-28.66008],[-49.45556,-28.66002],[-49.45554,-28.65989],[-49.45554,-28.65984],[-49.45554,-28.6598],[-49.45553,-28.65977],[-49.45549,-28.65969],[-49.45546,-28.65952],[-49.45546,-28.65943],[-49.45546,-28.6593],[-49.45549,-28.65912],[-49.45551,-28.65902],[-49.45554,-28.65886],[-49.45556,-28.6588],[-49.45559,-28.65871],[-49.45562,-28.65865],[-49.45564,-28.65863],[-49.45562,-28.65857],[-49.4556,-28.65852],[-49.45551,-28.65842],[-49.45539,-28.65828],[-49.45532,-28.65806],[-49.45534,-28.65794],[-49.45536,-28.65776],[-49.45537,-28.65752],[-49.45536,-28.65733],[-49.45533,-28.65718],[-49.45525,-28.657],[-49.4552,-28.65688],[-49.45509,-28.65677],[-49.45498,-28.65665],[-49.45482,-28.65552],[-49.44865,-28.6551],[-49.44601,-28.655],[-49.446,-28.65499],[-49.44597,-28.65499],[-49.44581,-28.65507],[-49.44533,-28.6551],[-49.44503,-28.65515],[-49.44475,-28.65525],[-49.44415,-28.65541],[-49.44408,-28.65542],[-49.4439,-28.65543],[-49.44367,-28.65542],[-49.44339,-28.65534],[-49.44288,-28.65512],[-49.44243,-28.65494],[-49.44222,-28.65488],[-49.44151,-28.65476],[-49.44104,-28.65468],[-49.4411,-28.65483],[-49.44108,-28.65576],[-49.44105,-28.65628],[-49.44101,-28.6571],[-49.44099,-28.65762],[-49.44099,-28.65763],[-49.4409,-28.65784],[-49.44012,-28.65878],[-49.43959,-28.65944],[-49.43917,-28.65975],[-49.43879,-28.65998],[-49.43778,-28.66058],[-49.4376,-28.66077],[-49.43749,-28.66103],[-49.43731,-28.66147],[-49.43703,-28.662],[-49.43679,-28.66232],[-49.4366,-28.66256],[-49.43638,-28.66277],[-49.43625,-28.66283],[-49.43713,-28.66309],[-49.43848,-28.66343],[-49.43864,-28.66349]]]}},{"type":"Feature","id":"4204608510","properties":{"id":"4204608510","name":"São Sebastião","city":"Criciúma","cityCode":"4204608"},"geometry":{"type":"Polygon","coordinates":[[[-49.44032,-28.69763],[-49.43768,-28.69752],[-49.43705,-28.69747],[-49.43547,-28.69741],[-49.43291,-28.69727],[-49.4329,-28.69737],[-49.43294,-28.69763],[-49.43299,-28.69782],[-49.43301,-28.69793],[-49.43332,-28.69857],[-49.43345,-28.69878],[-49.43359,-28.69892],[-49.43396,-28.69918],[-49.43424,-28.69939],[-49.43437,-28.69949],[-49.43447,-28.69959],[-49.43456,-28.69974],[-49.43466,-28.69997],[-49.43473,-28.70017],[-49.43484,-28.70039],[-49.435,-28.70069],[-49.4353,-28.70104],[-49.43557,-28.70133],[-49.4357,-28.7015],[-49.43576,-28.70163],[-49.43582,-28.70185],[-49.43587,-28.70251],[-49.43752,-28.70236],[-49.43811,-28.7023],[-49.43891,-28.70222],[-49.43906,-28.70223],[-49.43953,-28.70224],[-49.43978,-28.70226],[-49.44068,-28.70232],[-49.4414,-28.70238],[-49.44211,-28.70244],[-49.44283,-28.70249],[-49.44355,-28.70255],[-49.44348,-28.70332],[-49.44344,-28.70392],[-49.44339,-28.70451],[-49.4433,-28.70572],[-49.44317,-28.70722],[-49.44498,-28.7073],[-49.44498,-28.70724],[-49.44504,-28.70659],[-49.44504,-28.70659],[-49.4451,-28.70582],[-49.44513,-28.70542],[-49.44519,-28.70464],[-49.44528,-28.70343],[-49.44535,-28.7027],[-49.44688,-28.70281],[-49.44848,-28.70294],[-49.45012,-28.70305],[-49.45012,-28.70301],[-49.45017,-28.70236],[-49.45018,-28.70236],[-49.45018,-28.70233],[-49.45022,-28.70187],[-49.45024,-28.70132],[-49.45025,-28.70092],[-49.45026,-28.70088],[-49.45035,-28.70085],[-49.4505,-28.70079],[-49.45061,-28.69909],[-49.45065,-28.6985],[-49.45088,-28.69465],[-49.44816,-28.69455],[-49.44818,-28.69388],[-49.44786,-28.6939],[-49.44729,-28.69376],[-49.44668,-28.69354],[-49.44614,-28.69242],[-49.44581,-28.69219],[-49.44542,-28.69208],[-49.44501,-28.6919],[-49.44495,-28.69186],[-49.44507,-28.68939],[-49.44112,-28.68938],[-49.44103,-28.69141],[-49.44084,-28.694],[-49.44079,-28.69399],[-49.44062,-28.69399],[-49.44032,-28.69763]]]}},{"type":"Feature","id":"4204608066","properties":{"id":"4204608066","name":"Vila Zuleima","city":"Criciúma","cityCode":"4204608"},"geometry":{"type":"Polygon","coordinates":[[[-49.40499,-28.66546],[-49.40498,-28.66484],[-49.40498,-28.6641],[-49.40498,-28.66404],[-49.40496,-28.66367],[-49.40495,-28.66334],[-49.4049,-28.66269],[-49.40472,-28.66259],[-49.40458,-28.66255],[-49.40442,-28.66249],[-49.40431,-28.66243],[-49.40418,-28.66237],[-49.40405,-28.66228],[-49.40389,-28.6622],[-49.40359,-28.66211],[-49.40334,-28.66201],[-49.40317,-28.662],[-49.40303,-28.662],[-49.40284,-28.66201],[-49.40254,-28.66202],[-49.40238,-28.66203],[-49.4022,-28.66204],[-49.40193,-28.66204],[-49.40175,-28.66202],[-49.40162,-28.66198],[-49.40153,-28.66196],[-49.40141,-28.66191],[-49.40131,-28.66189],[-49.40118,-28.66188],[-49.40107,-28.6619],[-49.40097,-28.66197],[-49.40082,-28.66208],[-49.40062,-28.66223],[-49.40042,-28.66235],[-49.40018,-28.66246],[-49.39995,-28.6626],[-49.39974,-28.66274],[-49.39963,-28.66283],[-49.39942,-28.66296],[-49.39924,-28.66304],[-49.39906,-28.66313],[-49.39898,-28.66313],[-49.39891,-28.66312],[-49.39891,-28.66316],[-49.39906,-28.66547],[-49.39921,-28.6679],[-49.39921,-28.66795],[-49.39951,-28.66813],[-49.40001,-28.66843],[-49.40047,-28.66867],[-49.40066,-28.6687],[-49.40088,-28.66874],[-49.40132,-28.66872],[-49.40224,-28.66873],[-49.40283,-28.66873],[-49.40365,-28.66873],[-49.40417,-28.66886],[-49.40467,-28.6691],[-49.40491,-28.66925],[-49.40501,-28.66925],[-49.40501,-28.6679],[-49.40501,-28.66771],[-49.40502,-28.66729],[-49.405,-28.6667],[-49.405,-28.66616],[-49.405,-28.66607],[-49.405,-28.66587],[-49.40499,-28.66546]]]}},{"type":"Feature","id":"4204608504","properties":{"id":"4204608504","name":"Laranjinha","city":"Criciúma","cityCode":"4204608"},"geometry":{"type":"Polygon","coordinates":[[[-49.41529,-28.66014],[-49.41568,-28.66014],[-49.41668,-28.66014],[-49.41727,-28.66014],[-49.41753,-28.66013],[-49.41767,-28.66009],[-49.41786,-28.65999],[-49.41807,-28.6599],[-49.41835,-28.65978],[-49.41859,-28.65971],[-49.41871,-28.65968],[-49.41896,-28.65962],[-49.41925,-28.65955],[-49.41939,-28.65955],[-49.41946,-28.65946],[-49.42,-28.6585],[-49.42049,-28.65779],[-49.42087,-28.65717],[-49.42117,-28.65657],[-49.42128,-28.65621],[-49.42134,-28.65554],[-49.42139,-28.65482],[-49.42137,-28.65424],[-49.42153,-28.65425],[-49.42161,-28.65425],[-49.42184,-28.65425],[-49.42217,-28.65425],[-49.42253,-28.65421],[-49.42273,-28.65416],[-49.42274,-28.65416],[-49.42313,-28.65346],[-49.42344,-28.65302],[-49.42355,-28.65284],[-49.42358,-28.65271],[-49.42354,-28.65254],[-49.42346,-28.65242],[-49.42325,-28.65222],[-49.42295,-28.65206],[-49.42284,-28.65193],[-49.42267,-28.65189],[-49.42277,-28.6517],[-49.42289,-28.65149],[-49.42298,-28.65114],[-49.423,-28.65079],[-49.42293,-28.65041],[-49.4227,-28.65],[-49.4223,-28.64956],[-49.42168,-28.64889],[-49.42123,-28.64838],[-49.42081,-28.64786],[-49.42053,-28.64728],[-49.4204,-28.64694],[-49.41994,-28.64567],[-49.41988,-28.64547],[-49.41758,-28.64556],[-49.41755,-28.64557],[-49.41705,-28.64555],[-49.41651,-28.64553],[-49.41339,-28.64556],[-49.41327,-28.64556],[-49.41307,-28.64555],[-49.41278,-28.64555],[-49.41236,-28.64555],[-49.41203,-28.64555],[-49.41165,-28.64555],[-49.41117,-28.64555],[-49.40928,-28.64555],[-49.40742,-28.64554],[-49.40739,-28.64554],[-49.40735,-28.64554],[-49.40732,-28.64746],[-49.40732,-28.64812],[-49.40727,-28.64878],[-49.40719,-28.64943],[-49.40687,-28.65059],[-49.4066,-28.6511],[-49.40613,-28.65186],[-49.40559,-28.65282],[-49.40478,-28.65416],[-49.40495,-28.65421],[-49.40505,-28.6544],[-49.40515,-28.65483],[-49.40538,-28.6552],[-49.40565,-28.65546],[-49.40596,-28.65557],[-49.40646,-28.65577],[-49.4068,-28.65596],[-49.40691,-28.65624],[-49.40675,-28.65657],[-49.40642,-28.65718],[-49.40565,-28.6578],[-49.4056,-28.65794],[-49.40571,-28.65807],[-49.40589,-28.65826],[-49.40592,-28.65839],[-49.40585,-28.65853],[-49.4057,-28.65867],[-49.40567,-28.65879],[-49.40571,-28.65891],[-49.40599,-28.65904],[-49.40604,-28.65918],[-49.40605,-28.65934],[-49.40613,-28.65949],[-49.40626,-28.65958],[-49.40648,-28.65958],[-49.40675,-28.65953],[-49.40715,-28.65944],[-49.40743,-28.65939],[-49.40758,-28.65948],[-49.40763,-28.6596],[-49.40764,-28.65978],[-49.40756,-28.65986],[-49.40729,-28.65995],[-49.40716,-28.66003],[-49.40687,-28.66079],[-49.40667,-28.66139],[-49.40653,-28.66168],[-49.40653,-28.66258],[-49.40652,-28.6626],[-49.40651,-28.66262],[-49.40684,-28.66264],[-49.40719,-28.66262],[-49.40742,-28.66257],[-49.40769,-28.66248],[-49.40798,-28.66241],[-49.40832,-28.66231],[-49.40871,-28.66214],[-49.40911,-28.66197],[-49.4094,-28.66185],[-49.40966,-28.66174],[-49.40988,-28.66163],[-49.41032,-28.66121],[-49.41047,-28.66102],[-49.41056,-28.66085],[-49.41065,-28.66064],[-49.41076,-28.66045],[-49.41091,-28.66027],[-49.41104,-28.66015],[-49.41115,-28.66011],[-49.41142,-28.66011],[-49.41186,-28.66012],[-49.41238,-28.66011],[-49.413,-28.66011],[-49.41333,-28.6601],[-49.41391,-28.66008],[-49.41435,-28.66009],[-49.41458,-28.6601],[-49.41495,-28.66011],[-49.41529,-28.66014]]]}},{"type":"Feature","id":"4204608048","properties":{"id":"4204608048","name":"São Marcos","city":"Criciúma","cityCode":"4204608"},"geometry":{"type":"Polygon","coordinates":[[[-49.41988,-28.64547],[-49.42277,-28.64533],[-49.42282,-28.64533],[-49.42286,-28.64533],[-49.42686,-28.64527],[-49.42693,-28.64527],[-49.42693,-28.64522],[-49.42693,-28.64522],[-49.42703,-28.64144],[-49.42704,-28.64133],[-49.42708,-28.63869],[-49.42708,-28.6354],[-49.42237,-28.63569],[-49.42231,-28.6357],[-49.41573,-28.6361],[-49.41546,-28.63612],[-49.41502,-28.63615],[-49.41295,-28.63628],[-49.40719,-28.63663],[-49.40646,-28.63668],[-49.40675,-28.63777],[-49.40719,-28.63931],[-49.40726,-28.63963],[-49.40738,-28.64016],[-49.40743,-28.64059],[-49.40742,-28.64116],[-49.40741,-28.64182],[-49.40738,-28.64366],[-49.40735,-28.64554],[-49.40739,-28.64554],[-49.40742,-28.64554],[-49.40928,-28.64555],[-49.41117,-28.64555],[-49.41165,-28.64555],[-49.41203,-28.64555],[-49.41236,-28.64555],[-49.41278,-28.64555],[-49.41307,-28.64555],[-49.41327,-28.64556],[-49.41339,-28.64556],[-49.41651,-28.64553],[-49.41705,-28.64555],[-49.41755,-28.64557],[-49.41758,-28.64556],[-49.41988,-28.64547]]]}},{"type":"Feature","id":"4204608503","properties":{"id":"4204608503","name":"Jardim Montevidéu","city":"Criciúma","cityCode":"4204608"},"geometry":{"type":"Polygon","coordinates":[[[-49.44833,-28.68705],[-49.44593,-28.68692],[-49.44509,-28.68882],[-49.44507,-28.68939],[-49.44495,-28.69186],[-49.44501,-28.6919],[-49.44542,-28.69208],[-49.44581,-28.69219],[-49.44614,-28.69242],[-49.44668,-28.69354],[-49.44729,-28.69376],[-49.44786,-28.6939],[-49.44818,-28.69388],[-49.44816,-28.69455],[-49.45088,-28.69465],[-49.45624,-28.69486],[-49.45628,-28.69486],[-49.45629,-28.69456],[-49.4563,-28.69433],[-49.45632,-28.69424],[-49.45638,-28.69417],[-49.45652,-28.69401],[-49.45667,-28.69387],[-49.45693,-28.69363],[-49.45703,-28.69349],[-49.45707,-28.69343],[-49.45804,-28.69373],[-49.45883,-28.6939],[-49.45935,-28.69392],[-49.45952,-28.69389],[-49.45962,-28.6938],[-49.45961,-28.69369],[-49.45953,-28.69351],[-49.45942,-28.69317],[-49.45949,-28.69307],[-49.45968,-28.69299],[-49.45988,-28.693],[-49.46036,-28.69308],[-49.46058,-28.69309],[-49.46102,-28.69289],[-49.46131,-28.69279],[-49.46198,-28.69262],[-49.46254,-28.69241],[-49.46283,-28.69226],[-49.46321,-28.692],[-49.46382,-28.69168],[-49.46394,-28.69165],[-49.4641,-28.69164],[-49.46439,-28.69158],[-49.46482,-28.69145],[-49.46524,-28.69138],[-49.46558,-28.69145],[-49.46558,-28.69136],[-49.46564,-28.6913],[-49.46567,-28.69118],[-49.46565,-28.6908],[-49.46564,-28.69038],[-49.46566,-28.69016],[-49.46575,-28.68992],[-49.46582,-28.68982],[-49.46594,-28.68972],[-49.46601,-28.68966],[-49.46646,-28.68956],[-49.46676,-28.68948],[-49.46679,-28.68944],[-49.46681,-28.68941],[-49.46682,-28.68938],[-49.46673,-28.68928],[-49.46652,-28.68922],[-49.46638,-28.6892],[-49.4658,-28.68911],[-49.46553,-28.68877],[-49.46543,-28.68865],[-49.46534,-28.68852],[-49.46521,-28.68837],[-49.46515,-28.68831],[-49.46501,-28.68824],[-49.46482,-28.68811],[-49.46473,-28.68799],[-49.46471,-28.68795],[-49.46471,-28.68791],[-49.46471,-28.68784],[-49.46471,-28.68783],[-49.44833,-28.68705]]]}},{"type":"Feature","id":"4204608052","properties":{"id":"4204608052","name":"Mãe Luzia","city":"Criciúma","cityCode":"4204608"},"geometry":{"type":"Polygon","coordinates":[[[-49.47393,-28.70795],[-49.47398,-28.70784],[-49.47405,-28.70775],[-49.47409,-28.70764],[-49.47414,-28.70753],[-49.47417,-28.70744],[-49.4742,-28.70734],[-49.47419,-28.7072],[-49.4742,-28.70706],[-49.47431,-28.70664],[-49.47439,-28.70633],[-49.47445,-28.70624],[-49.47456,-28.70612],[-49.47482,-28.70575],[-49.47488,-28.70564],[-49.47508,-28.70546],[-49.47523,-28.70525],[-49.47552,-28.70487],[-49.47571,-28.70457],[-49.47548,-28.70439],[-49.47546,-28.70439],[-49.47535,-28.70436],[-49.47532,-28.70435],[-49.47528,-28.70435],[-49.47525,-28.70435],[-49.47522,-28.70435],[-49.47518,-28.70435],[-49.47513,-28.70435],[-49.47508,-28.70437],[-49.47505,-28.70437],[-49.47503,-28.70438],[-49.47501,-28.70437],[-49.47499,-28.70436],[-49.47496,-28.70435],[-49.47494,-28.70433],[-49.47491,-28.70431],[-49.47489,-28.70429],[-49.47485,-28.70427],[-49.47481,-28.70424],[-49.47477,-28.70422],[-49.47472,-28.70418],[-49.4747,-28.70415],[-49.47468,-28.70413],[-49.47466,-28.70411],[-49.47465,-28.70408],[-49.47464,-28.70406],[-49.47464,-28.70402],[-49.47464,-28.70401],[-49.47464,-28.70397],[-49.47465,-28.70394],[-49.47467,-28.70388],[-49.4747,-28.70379],[-49.47472,-28.70374],[-49.4748,-28.70355],[-49.47485,-28.70349],[-49.47488,-28.70345],[-49.47492,-28.70341],[-49.47497,-28.70338],[-49.47502,-28.70335],[-49.47506,-28.70332],[-49.4751,-28.7033],[-49.47511,-28.70328],[-49.47514,-28.70326],[-49.47517,-28.70323],[-49.47517,-28.7032],[-49.47517,-28.70317],[-49.47514,-28.70314],[-49.47512,-28.70312],[-49.47507,-28.70309],[-49.47503,-28.70307],[-49.47498,-28.70304],[-49.47476,-28.70289],[-49.47465,-28.70276],[-49.4746,-28.70268],[-49.47457,-28.70264],[-49.47455,-28.7026],[-49.47453,-28.70257],[-49.47445,-28.70235],[-49.4744,-28.70225],[-49.47437,-28.70209],[-49.47435,-28.702],[-49.47434,-28.70194],[-49.47427,-28.70169],[-49.47426,-28.70163],[-49.47425,-28.70158],[-49.47424,-28.70153],[-49.47423,-28.70149],[-49.47423,-28.70146],[-49.47423,-28.70143],[-49.47424,-28.7014],[-49.47434,-28.7012],[-49.47437,-28.70115],[-49.47439,-28.70111],[-49.47441,-28.70106],[-49.47443,-28.70099],[-49.47444,-28.70095],[-49.47444,-28.70089],[-49.47444,-28.70083],[-49.47443,-28.70076],[-49.47441,-28.70071],[-49.4744,-28.70067],[-49.47438,-28.70065],[-49.47435,-28.70058],[-49.47424,-28.70034],[-49.47423,-28.70031],[-49.47423,-28.70027],[-49.47423,-28.70023],[-49.47423,-28.7002],[-49.47423,-28.70017],[-49.47423,-28.70015],[-49.47424,-28.70011],[-49.47425,-28.70008],[-49.47428,-28.7],[-49.47428,-28.69996],[-49.47426,-28.69993],[-49.47423,-28.6999],[-49.47421,-28.69986],[-49.4742,-28.69983],[-49.4742,-28.69979],[-49.47421,-28.69978],[-49.47431,-28.69961],[-49.47434,-28.69956],[-49.47436,-28.69952],[-49.47437,-28.69947],[-49.47438,-28.69944],[-49.47437,-28.6994],[-49.47436,-28.69939],[-49.47434,-28.69936],[-49.47431,-28.69934],[-49.47424,-28.69929],[-49.47422,-28.69927],[-49.47422,-28.69925],[-49.47422,-28.69922],[-49.47422,-28.69921],[-49.47409,-28.69911],[-49.47406,-28.69906],[-49.47404,-28.69905],[-49.47404,-28.69902],[-49.47404,-28.699],[-49.47404,-28.69898],[-49.47405,-28.69897],[-49.47406,-28.69895],[-49.47407,-28.69893],[-49.4741,-28.69892],[-49.47413,-28.69891],[-49.47418,-28.69889],[-49.47425,-28.69888],[-49.47431,-28.69887],[-49.47436,-28.69887],[-49.47443,-28.69886],[-49.47447,-28.69885],[-49.47449,-28.69884],[-49.47451,-28.69881],[-49.47452,-28.69879],[-49.47452,-28.69878],[-49.4745,-28.69877],[-49.47445,-28.69875],[-49.47427,-28.69867],[-49.47407,-28.69858],[-49.47404,-28.69855],[-49.47403,-28.69853],[-49.47402,-28.69851],[-49.47402,-28.69849],[-49.47402,-28.69847],[-49.47401,-28.69841],[-49.47401,-28.69841],[-49.47401,-28.69831],[-49.47404,-28.69819],[-49.47405,-28.69813],[-49.47403,-28.69806],[-49.47399,-28.69801],[-49.47395,-28.69797],[-49.47385,-28.69782],[-49.47378,-28.69772],[-49.47378,-28.69765],[-49.4738,-28.69752],[-49.4738,-28.69742],[-49.47381,-28.69735],[-49.47381,-28.69731],[-49.4738,-28.69727],[-49.47378,-28.69723],[-49.47377,-28.69723],[-49.47373,-28.69723],[-49.4737,-28.69723],[-49.47364,-28.69724],[-49.47361,-28.69724],[-49.47358,-28.69725],[-49.47354,-28.69725],[-49.4735,-28.69726],[-49.47346,-28.69727],[-49.47341,-28.69729],[-49.47336,-28.6973],[-49.47333,-28.69732],[-49.47329,-28.69733],[-49.47324,-28.69735],[-49.4732,-28.69737],[-49.47315,-28.69739],[-49.47311,-28.69742],[-49.47299,-28.69749],[-49.47296,-28.69751],[-49.47293,-28.69753],[-49.47289,-28.69757],[-49.47287,-28.69757],[-49.47282,-28.69758],[-49.4728,-28.69758],[-49.47277,-28.69758],[-49.47274,-28.69756],[-49.47273,-28.69754],[-49.47271,-28.69746],[-49.47271,-28.69743],[-49.47269,-28.69735],[-49.47269,-28.69729],[-49.47268,-28.69717],[-49.47262,-28.6971],[-49.47258,-28.69709],[-49.47243,-28.69703],[-49.47219,-28.69698],[-49.47209,-28.69696],[-49.47204,-28.69696],[-49.47182,-28.69703],[-49.47155,-28.69711],[-49.47147,-28.69713],[-49.47141,-28.69716],[-49.47118,-28.69721],[-49.47104,-28.69721],[-49.47068,-28.69711],[-49.47079,-28.69675],[-49.47079,-28.69672],[-49.47077,-28.69664],[-49.47075,-28.6966],[-49.47073,-28.69657],[-49.4707,-28.69653],[-49.47066,-28.69648],[-49.47059,-28.6964],[-49.47043,-28.69624],[-49.47039,-28.69619],[-49.47036,-28.69615],[-49.47034,-28.6961],[-49.47032,-28.69606],[-49.47031,-28.69601],[-49.4703,-28.69596],[-49.4703,-28.6959],[-49.4703,-28.69586],[-49.47029,-28.69582],[-49.47028,-28.69577],[-49.47025,-28.69572],[-49.47023,-28.69568],[-49.47017,-28.6954],[-49.47015,-28.6953],[-49.47014,-28.69519],[-49.47009,-28.69497],[-49.47008,-28.69491],[-49.47008,-28.69486],[-49.47009,-28.69482],[-49.47011,-28.69478],[-49.47014,-28.69474],[-49.47017,-28.69471],[-49.47021,-28.69467],[-49.47024,-28.69464],[-49.47028,-28.6946],[-49.47031,-28.69456],[-49.47032,-28.69453],[-49.47034,-28.69447],[-49.47035,-28.69441],[-49.47038,-28.69432],[-49.47045,-28.6941],[-49.47047,-28.69405],[-49.47049,-28.69398],[-49.47051,-28.6939],[-49.47053,-28.69382],[-49.47054,-28.69377],[-49.47053,-28.6936],[-49.47052,-28.69355],[-49.47051,-28.6935],[-49.4705,-28.69345],[-49.4705,-28.6934],[-49.47052,-28.69335],[-49.47053,-28.69332],[-49.47055,-28.69327],[-49.47059,-28.69322],[-49.47063,-28.69318],[-49.47067,-28.69313],[-49.47069,-28.6931],[-49.47074,-28.69305],[-49.47088,-28.69289],[-49.47091,-28.69286],[-49.47094,-28.69282],[-49.47097,-28.69279],[-49.47101,-28.69275],[-49.47104,-28.69271],[-49.47107,-28.69267],[-49.47108,-28.69264],[-49.4711,-28.69259],[-49.4711,-28.69255],[-49.47109,-28.69251],[-49.47108,-28.69247],[-49.47105,-28.69244],[-49.47102,-28.69242],[-49.471,-28.69241],[-49.47096,-28.69239],[-49.47091,-28.69238],[-49.47087,-28.69236],[-49.47081,-28.69234],[-49.47076,-28.69232],[-49.4707,-28.69229],[-49.47065,-28.69227],[-49.4706,-28.69225],[-49.47054,-28.69223],[-49.47048,-28.6922],[-49.47041,-28.69218],[-49.47035,-28.69218],[-49.47029,-28.69218],[-49.47025,-28.69219],[-49.47022,-28.6922],[-49.47018,-28.69222],[-49.47014,-28.69225],[-49.47011,-28.69227],[-49.46993,-28.69227],[-49.46989,-28.69225],[-49.46981,-28.69223],[-49.46974,-28.69223],[-49.46966,-28.69224],[-49.46959,-28.69227],[-49.46955,-28.6923],[-49.46952,-28.69232],[-49.46948,-28.69233],[-49.46945,-28.69234],[-49.4694,-28.69236],[-49.46934,-28.69236],[-49.46929,-28.69237],[-49.46923,-28.69237],[-49.46913,-28.69237],[-49.469,-28.69235],[-49.46853,-28.69231],[-49.46845,-28.69229],[-49.46835,-28.69227],[-49.46822,-28.69225],[-49.46815,-28.69223],[-49.46807,-28.6922],[-49.46801,-28.69218],[-49.46795,-28.69214],[-49.46751,-28.6917],[-49.4675,-28.69169],[-49.46748,-28.69166],[-49.46745,-28.69164],[-49.4674,-28.6916],[-49.46737,-28.69158],[-49.46712,-28.69145],[-49.46705,-28.69142],[-49.46697,-28.69137],[-49.46692,-28.69134],[-49.46611,-28.70095],[-49.46611,-28.70148],[-49.46605,-28.70336],[-49.46601,-28.70396],[-49.46603,-28.70401],[-49.46603,-28.70405],[-49.46602,-28.70405],[-49.46598,-28.70476],[-49.4659,-28.70551],[-49.4659,-28.70551],[-49.46589,-28.70555],[-49.46589,-28.70558],[-49.46589,-28.70559],[-49.46586,-28.70589],[-49.46572,-28.70618],[-49.46561,-28.7063],[-49.46485,-28.70718],[-49.46417,-28.7082],[-49.46408,-28.70829],[-49.46406,-28.70852],[-49.46411,-28.7087],[-49.46424,-28.7091],[-49.46432,-28.7094],[-49.46436,-28.70962],[-49.46436,-28.70984],[-49.46435,-28.70998],[-49.4643,-28.71017],[-49.46423,-28.71043],[-49.46418,-28.71061],[-49.46419,-28.71073],[-49.46426,-28.71088],[-49.46432,-28.71099],[-49.46442,-28.71107],[-49.46454,-28.71119],[-49.46465,-28.71137],[-49.46477,-28.71153],[-49.46493,-28.71166],[-49.46496,-28.71175],[-49.46496,-28.71188],[-49.46495,-28.71209],[-49.46494,-28.71234],[-49.46492,-28.71258],[-49.46494,-28.7128],[-49.46563,-28.7128],[-49.46804,-28.7128],[-49.47008,-28.71281],[-49.47202,-28.71281],[-49.47379,-28.71282],[-49.47653,-28.71275],[-49.4767,-28.71259],[-49.47721,-28.71213],[-49.4773,-28.71198],[-49.47739,-28.71176],[-49.47744,-28.71153],[-49.47747,-28.71134],[-49.47746,-28.71092],[-49.47745,-28.71078],[-49.47744,-28.71045],[-49.47741,-28.71011],[-49.47735,-28.70981],[-49.47721,-28.70944],[-49.47716,-28.70937],[-49.47709,-28.70934],[-49.47699,-28.70932],[-49.47688,-28.70932],[-49.47679,-28.70934],[-49.47627,-28.70945],[-49.47589,-28.7096],[-49.47566,-28.70976],[-49.47542,-28.70994],[-49.47524,-28.71003],[-49.47513,-28.71003],[-49.47504,-28.71],[-49.47478,-28.70991],[-49.47428,-28.70969],[-49.47408,-28.70954],[-49.47396,-28.70943],[-49.47388,-28.70927],[-49.47379,-28.7091],[-49.47375,-28.70885],[-49.47375,-28.70864],[-49.4738,-28.70834],[-49.47381,-28.70829],[-49.47392,-28.70797],[-49.47393,-28.70795]]]}},{"type":"Feature","id":"4204608511","properties":{"id":"4204608511","name":"Vila Macarini","city":"Criciúma","cityCode":"4204608"},"geometry":{"type":"Polygon","coordinates":[[[-49.43141,-28.67578],[-49.43008,-28.67659],[-49.42984,-28.67673],[-49.42885,-28.67734],[-49.42845,-28.67755],[-49.42806,-28.67773],[-49.42757,-28.67788],[-49.42712,-28.67797],[-49.42663,-28.67801],[-49.42561,-28.67802],[-49.42454,-28.67804],[-49.42409,-28.67804],[-49.42452,-28.67854],[-49.43213,-28.67848],[-49.4322,-28.68094],[-49.43592,-28.68092],[-49.43592,-28.68063],[-49.43592,-28.67966],[-49.43746,-28.67963],[-49.43752,-28.68185],[-49.4484,-28.68173],[-49.45113,-28.68172],[-49.45112,-28.68134],[-49.4597,-28.68132],[-49.45962,-28.68121],[-49.45958,-28.68117],[-49.45956,-28.68114],[-49.45955,-28.68111],[-49.45954,-28.6811],[-49.45955,-28.68108],[-49.45956,-28.68106],[-49.45963,-28.68098],[-49.45966,-28.68094],[-49.45969,-28.68092],[-49.45972,-28.68089],[-49.45977,-28.68086],[-49.45981,-28.68084],[-49.45985,-28.68081],[-49.45987,-28.68079],[-49.45989,-28.68076],[-49.45991,-28.68072],[-49.45992,-28.68069],[-49.45993,-28.68065],[-49.45993,-28.68054],[-49.45993,-28.68051],[-49.45994,-28.68049],[-49.45995,-28.68049],[-49.45997,-28.68048],[-49.46004,-28.68046],[-49.46006,-28.68044],[-49.46007,-28.68043],[-49.46009,-28.6804],[-49.4601,-28.68038],[-49.46011,-28.68035],[-49.46014,-28.68024],[-49.46022,-28.68005],[-49.46022,-28.68002],[-49.46023,-28.67997],[-49.46023,-28.67992],[-49.46023,-28.67989],[-49.46023,-28.67986],[-49.46025,-28.67983],[-49.46027,-28.67979],[-49.46028,-28.67974],[-49.46027,-28.67968],[-49.46027,-28.67963],[-49.46028,-28.6796],[-49.4603,-28.67956],[-49.46033,-28.67951],[-49.46038,-28.67948],[-49.46042,-28.67945],[-49.46046,-28.67939],[-49.46067,-28.67916],[-49.4607,-28.67912],[-49.46073,-28.67906],[-49.46073,-28.67897],[-49.46073,-28.67891],[-49.46071,-28.67886],[-49.46071,-28.67884],[-49.46071,-28.67881],[-49.46073,-28.67875],[-49.46073,-28.67872],[-49.46074,-28.6787],[-49.46076,-28.67869],[-49.46083,-28.67868],[-49.46094,-28.67866],[-49.46098,-28.67866],[-49.46101,-28.67864],[-49.46104,-28.67861],[-49.46104,-28.67856],[-49.461,-28.67852],[-49.46099,-28.67846],[-49.461,-28.67842],[-49.46101,-28.67841],[-49.46105,-28.67838],[-49.4611,-28.67835],[-49.46116,-28.67833],[-49.46123,-28.67831],[-49.46132,-28.6783],[-49.46143,-28.67829],[-49.46149,-28.67828],[-49.4616,-28.67825],[-49.46167,-28.67823],[-49.46175,-28.67821],[-49.46186,-28.6782],[-49.4619,-28.67818],[-49.46196,-28.67814],[-49.462,-28.67809],[-49.46205,-28.678],[-49.46206,-28.67796],[-49.46207,-28.67795],[-49.46208,-28.67791],[-49.46206,-28.67782],[-49.46204,-28.67775],[-49.462,-28.67767],[-49.46198,-28.67759],[-49.46198,-28.67752],[-49.462,-28.67748],[-49.46204,-28.67743],[-49.46211,-28.67734],[-49.46213,-28.67732],[-49.46217,-28.6773],[-49.46226,-28.67726],[-49.46242,-28.67725],[-49.46244,-28.67725],[-49.46247,-28.67723],[-49.46249,-28.67722],[-49.4625,-28.67719],[-49.4625,-28.67709],[-49.46253,-28.67705],[-49.46255,-28.67702],[-49.46264,-28.67698],[-49.46276,-28.67694],[-49.46283,-28.6769],[-49.46287,-28.67686],[-49.46288,-28.67685],[-49.46287,-28.67678],[-49.4629,-28.67674],[-49.46295,-28.67671],[-49.46302,-28.67669],[-49.46304,-28.67667],[-49.46306,-28.67666],[-49.46309,-28.67662],[-49.46313,-28.67658],[-49.46316,-28.67655],[-49.46331,-28.67649],[-49.46334,-28.67648],[-49.46337,-28.67646],[-49.46338,-28.67643],[-49.46349,-28.67612],[-49.4635,-28.67603],[-49.46352,-28.67595],[-49.46356,-28.67586],[-49.4636,-28.67575],[-49.46365,-28.67567],[-49.46367,-28.67564],[-49.46375,-28.67552],[-49.46391,-28.67534],[-49.46397,-28.67528],[-49.46421,-28.675],[-49.46445,-28.67482],[-49.46402,-28.67419],[-49.46391,-28.67413],[-49.46385,-28.67411],[-49.46381,-28.6741],[-49.46375,-28.67407],[-49.46369,-28.67404],[-49.46362,-28.67396],[-49.46362,-28.6739],[-49.46363,-28.67386],[-49.46364,-28.6738],[-49.46364,-28.67379],[-49.46364,-28.67376],[-49.46365,-28.67371],[-49.46365,-28.67366],[-49.46366,-28.67362],[-49.4637,-28.6734],[-49.46374,-28.67322],[-49.46374,-28.67318],[-49.46373,-28.67313],[-49.4637,-28.67307],[-49.46362,-28.67295],[-49.4632,-28.67236],[-49.46315,-28.67226],[-49.46313,-28.67221],[-49.46311,-28.67213],[-49.46311,-28.67213],[-49.46313,-28.67206],[-49.46317,-28.67196],[-49.46318,-28.67193],[-49.4632,-28.6719],[-49.46321,-28.67185],[-49.46321,-28.67181],[-49.4632,-28.67176],[-49.46317,-28.6717],[-49.46316,-28.67169],[-49.46313,-28.67161],[-49.46312,-28.67155],[-49.46313,-28.67152],[-49.46314,-28.6715],[-49.46317,-28.67147],[-49.46321,-28.67147],[-49.46326,-28.67147],[-49.46333,-28.67148],[-49.46341,-28.67149],[-49.46348,-28.67149],[-49.46354,-28.67148],[-49.4636,-28.67146],[-49.46363,-28.67144],[-49.46365,-28.6714],[-49.46365,-28.67136],[-49.46363,-28.67132],[-49.46361,-28.67126],[-49.46356,-28.6712],[-49.46349,-28.67114],[-49.46338,-28.67105],[-49.46336,-28.671],[-49.46336,-28.67098],[-49.46337,-28.67095],[-49.46339,-28.67093],[-49.46341,-28.67092],[-49.46356,-28.67084],[-49.46366,-28.67077],[-49.46367,-28.67077],[-49.46371,-28.67073],[-49.46372,-28.67066],[-49.46371,-28.67061],[-49.46369,-28.67057],[-49.46361,-28.6705],[-49.4636,-28.67048],[-49.46353,-28.67042],[-49.46341,-28.67036],[-49.46327,-28.6703],[-49.46313,-28.67027],[-49.46299,-28.67023],[-49.46268,-28.67012],[-49.46262,-28.67006],[-49.46258,-28.67001],[-49.46245,-28.66985],[-49.4573,-28.66999],[-49.45727,-28.66999],[-49.45724,-28.66999],[-49.45475,-28.66997],[-49.45476,-28.66968],[-49.45476,-28.66965],[-49.45476,-28.66962],[-49.45483,-28.66252],[-49.45488,-28.66252],[-49.45488,-28.66251],[-49.45488,-28.66245],[-49.4549,-28.66227],[-49.45497,-28.66195],[-49.45508,-28.66158],[-49.45511,-28.66149],[-49.45517,-28.66137],[-49.45533,-28.66105],[-49.45538,-28.66094],[-49.45542,-28.66081],[-49.45545,-28.6607],[-49.45531,-28.66067],[-49.45498,-28.66067],[-49.45454,-28.6607],[-49.45414,-28.66076],[-49.4538,-28.66084],[-49.45312,-28.66117],[-49.45242,-28.66158],[-49.452,-28.66184],[-49.45172,-28.66204],[-49.45155,-28.66232],[-49.45144,-28.66259],[-49.45142,-28.66288],[-49.45165,-28.66371],[-49.45167,-28.66396],[-49.45155,-28.66417],[-49.45136,-28.66431],[-49.45109,-28.66436],[-49.45087,-28.66431],[-49.45056,-28.66415],[-49.45008,-28.66378],[-49.44973,-28.66347],[-49.44956,-28.66324],[-49.44951,-28.66303],[-49.44952,-28.66279],[-49.44968,-28.6622],[-49.44966,-28.662],[-49.44955,-28.66177],[-49.44936,-28.66161],[-49.44898,-28.6615],[-49.44859,-28.66144],[-49.44761,-28.66123],[-49.44697,-28.66111],[-49.44642,-28.66104],[-49.44569,-28.66104],[-49.44481,-28.66104],[-49.44437,-28.66106],[-49.4441,-28.66108],[-49.4439,-28.66113],[-49.44342,-28.66131],[-49.44309,-28.66148],[-49.44282,-28.66166],[-49.44232,-28.66213],[-49.44064,-28.66409],[-49.43864,-28.66349],[-49.43863,-28.66349],[-49.43861,-28.6635],[-49.43859,-28.66352],[-49.43857,-28.66354],[-49.43853,-28.66362],[-49.43846,-28.66372],[-49.43842,-28.66377],[-49.43839,-28.66385],[-49.43838,-28.66391],[-49.43838,-28.66396],[-49.43839,-28.66398],[-49.43839,-28.66402],[-49.4384,-28.66406],[-49.4384,-28.66406],[-49.4384,-28.66411],[-49.43839,-28.66421],[-49.43837,-28.66433],[-49.43835,-28.66439],[-49.43831,-28.66446],[-49.43829,-28.66453],[-49.43827,-28.66458],[-49.43826,-28.66467],[-49.43824,-28.66474],[-49.43821,-28.66483],[-49.43817,-28.66493],[-49.43813,-28.66504],[-49.43811,-28.66512],[-49.43808,-28.66524],[-49.43805,-28.66534],[-49.43803,-28.66538],[-49.438,-28.66544],[-49.43796,-28.66549],[-49.43789,-28.66554],[-49.43781,-28.66558],[-49.43773,-28.66562],[-49.43765,-28.66566],[-49.43759,-28.6657],[-49.43753,-28.66576],[-49.4375,-28.6658],[-49.43746,-28.66586],[-49.43743,-28.66592],[-49.4374,-28.66597],[-49.43736,-28.66601],[-49.4373,-28.66606],[-49.43723,-28.66611],[-49.43718,-28.66616],[-49.43711,-28.66624],[-49.43708,-28.66627],[-49.43705,-28.66629],[-49.43702,-28.6663],[-49.43697,-28.66631],[-49.4369,-28.66632],[-49.43683,-28.66634],[-49.43678,-28.66636],[-49.4367,-28.6664],[-49.43668,-28.66641],[-49.43663,-28.66643],[-49.43657,-28.66644],[-49.43653,-28.66644],[-49.4365,-28.66643],[-49.43647,-28.66643],[-49.43644,-28.66643],[-49.43641,-28.66644],[-49.43636,-28.66644],[-49.43627,-28.66646],[-49.43619,-28.66647],[-49.43615,-28.66647],[-49.43612,-28.66648],[-49.43607,-28.6665],[-49.43603,-28.66653],[-49.43598,-28.66656],[-49.43595,-28.66658],[-49.43593,-28.6666],[-49.43589,-28.66664],[-49.43586,-28.66667],[-49.43579,-28.66673],[-49.43569,-28.66684],[-49.43568,-28.66687],[-49.43559,-28.66715],[-49.43559,-28.66716],[-49.43558,-28.66719],[-49.43557,-28.66722],[-49.43557,-28.66722],[-49.43555,-28.6673],[-49.43543,-28.66761],[-49.4354,-28.66768],[-49.4353,-28.66786],[-49.43527,-28.66796],[-49.43526,-28.66804],[-49.43525,-28.6681],[-49.43526,-28.66817],[-49.43527,-28.66822],[-49.43529,-28.66827],[-49.43531,-28.66829],[-49.43534,-28.66832],[-49.43546,-28.66843],[-49.43549,-28.66846],[-49.43556,-28.66848],[-49.4357,-28.66856],[-49.43575,-28.66861],[-49.43576,-28.66863],[-49.4358,-28.66873],[-49.43581,-28.66879],[-49.43581,-28.6688],[-49.43582,-28.66893],[-49.43583,-28.66906],[-49.43586,-28.66914],[-49.43592,-28.66923],[-49.43596,-28.66929],[-49.43616,-28.6695],[-49.43622,-28.66956],[-49.43633,-28.66965],[-49.43637,-28.66968],[-49.43648,-28.66981],[-49.43657,-28.66991],[-49.4366,-28.66996],[-49.4366,-28.67],[-49.43659,-28.67005],[-49.43657,-28.67017],[-49.4365,-28.67039],[-49.43647,-28.67045],[-49.43642,-28.67051],[-49.43634,-28.67059],[-49.4363,-28.67064],[-49.43626,-28.67069],[-49.43623,-28.67075],[-49.43621,-28.67082],[-49.4362,-28.67087],[-49.4362,-28.67092],[-49.43619,-28.67102],[-49.43618,-28.67105],[-49.43611,-28.67113],[-49.43607,-28.67119],[-49.43599,-28.67126],[-49.43598,-28.67128],[-49.43596,-28.67135],[-49.43596,-28.67137],[-49.43596,-28.67143],[-49.43596,-28.67147],[-49.43598,-28.6715],[-49.43599,-28.67154],[-49.436,-28.67158],[-49.436,-28.67163],[-49.436,-28.67165],[-49.43599,-28.67167],[-49.43596,-28.67169],[-49.43585,-28.67177],[-49.43582,-28.67179],[-49.43574,-28.67185],[-49.4357,-28.67188],[-49.43561,-28.67192],[-49.43555,-28.67192],[-49.43548,-28.67192],[-49.43541,-28.67191],[-49.43534,-28.67189],[-49.43531,-28.67189],[-49.43513,-28.67191],[-49.43505,-28.67192],[-49.4349,-28.67194],[-49.43477,-28.67196],[-49.43469,-28.67197],[-49.43454,-28.67198],[-49.43443,-28.67198],[-49.4344,-28.67198],[-49.43436,-28.67197],[-49.43431,-28.67197],[-49.43428,-28.67197],[-49.4342,-28.67197],[-49.43416,-28.67198],[-49.4341,-28.672],[-49.43407,-28.67202],[-49.43397,-28.6721],[-49.43365,-28.67235],[-49.43351,-28.67245],[-49.43348,-28.67248],[-49.43337,-28.67256],[-49.43324,-28.67283],[-49.43312,-28.67312],[-49.433,-28.67338],[-49.43283,-28.67349],[-49.4327,-28.67353],[-49.4325,-28.67351],[-49.43235,-28.67339],[-49.43216,-28.67312],[-49.43181,-28.67278],[-49.43148,-28.67242],[-49.43148,-28.67252],[-49.43141,-28.67573],[-49.43141,-28.67574],[-49.43141,-28.67578]]]}},{"type":"Feature","id":"4204608059","properties":{"id":"4204608059","name":"Coloninha Zilli","city":"Criciúma","cityCode":"4204608"},"geometry":{"type":"Polygon","coordinates":[[[-49.40687,-28.66079],[-49.40716,-28.66003],[-49.40729,-28.65995],[-49.40756,-28.65986],[-49.40764,-28.65978],[-49.40763,-28.6596],[-49.40758,-28.65948],[-49.40743,-28.65939],[-49.40715,-28.65944],[-49.40675,-28.65953],[-49.40648,-28.65958],[-49.40626,-28.65958],[-49.40613,-28.65949],[-49.40605,-28.65934],[-49.40604,-28.65918],[-49.40599,-28.65904],[-49.40571,-28.65891],[-49.40567,-28.65879],[-49.4057,-28.65867],[-49.40585,-28.65853],[-49.40592,-28.65839],[-49.40589,-28.65826],[-49.40571,-28.65807],[-49.4056,-28.65794],[-49.40565,-28.6578],[-49.40642,-28.65718],[-49.40675,-28.65657],[-49.40691,-28.65624],[-49.4068,-28.65596],[-49.40646,-28.65577],[-49.40596,-28.65557],[-49.40565,-28.65546],[-49.40538,-28.6552],[-49.40515,-28.65483],[-49.40505,-28.6544],[-49.40495,-28.65421],[-49.40478,-28.65416],[-49.40559,-28.65282],[-49.40613,-28.65186],[-49.4066,-28.6511],[-49.40687,-28.65059],[-49.40719,-28.64943],[-49.40727,-28.64878],[-49.40732,-28.64812],[-49.40732,-28.64746],[-49.40735,-28.64554],[-49.40738,-28.64366],[-49.40741,-28.64182],[-49.40742,-28.64116],[-49.40743,-28.64059],[-49.40738,-28.64016],[-49.40726,-28.63963],[-49.40719,-28.63931],[-49.40675,-28.63777],[-49.40646,-28.63668],[-49.4034,-28.63687],[-49.40238,-28.63693],[-49.39856,-28.63631],[-49.39828,-28.6425],[-49.39827,-28.64253],[-49.39827,-28.64256],[-49.3981,-28.64477],[-49.39756,-28.65174],[-49.39756,-28.65179],[-49.39755,-28.65184],[-49.39761,-28.65233],[-49.39866,-28.66111],[-49.39868,-28.66115],[-49.39869,-28.6612],[-49.39875,-28.66183],[-49.39876,-28.66185],[-49.39875,-28.66188],[-49.3989,-28.66309],[-49.39891,-28.66312],[-49.39898,-28.66313],[-49.39906,-28.66313],[-49.39924,-28.66304],[-49.39942,-28.66296],[-49.39963,-28.66283],[-49.39974,-28.66274],[-49.39995,-28.6626],[-49.40018,-28.66246],[-49.40042,-28.66235],[-49.40062,-28.66223],[-49.40082,-28.66208],[-49.40097,-28.66197],[-49.40107,-28.6619],[-49.40118,-28.66188],[-49.40131,-28.66189],[-49.40141,-28.66191],[-49.40153,-28.66196],[-49.40162,-28.66198],[-49.40175,-28.66202],[-49.40193,-28.66204],[-49.4022,-28.66204],[-49.40238,-28.66203],[-49.40254,-28.66202],[-49.40284,-28.66201],[-49.40303,-28.662],[-49.40317,-28.662],[-49.40334,-28.66201],[-49.40359,-28.66211],[-49.40389,-28.6622],[-49.40405,-28.66228],[-49.40418,-28.66237],[-49.40431,-28.66243],[-49.40442,-28.66249],[-49.40458,-28.66255],[-49.40472,-28.66259],[-49.4049,-28.66269],[-49.40501,-28.66266],[-49.40529,-28.66263],[-49.40562,-28.66259],[-49.40594,-28.66258],[-49.40626,-28.6626],[-49.40651,-28.66262],[-49.40652,-28.6626],[-49.40653,-28.66258],[-49.40653,-28.66168],[-49.40667,-28.66139],[-49.40687,-28.66079]]]}},{"type":"Feature","id":"4204608506","properties":{"id":"4204608506","name":"Mina União","city":"Criciúma","cityCode":"4204608"},"geometry":{"type":"Polygon","coordinates":[[[-49.42918,-28.68178],[-49.42724,-28.68178],[-49.42722,-28.68265],[-49.42721,-28.68283],[-49.42717,-28.68337],[-49.42717,-28.68345],[-49.42714,-28.68407],[-49.42713,-28.6841],[-49.4271,-28.68482],[-49.42707,-28.68554],[-49.42706,-28.68566],[-49.42699,-28.6865],[-49.42694,-28.68781],[-49.42686,-28.68927],[-49.4268,-28.68945],[-49.42667,-28.6897],[-49.42647,-28.68994],[-49.4262,-28.6902],[-49.42594,-28.69033],[-49.42581,-28.69038],[-49.42558,-28.69045],[-49.42554,-28.69068],[-49.4253,-28.69076],[-49.42518,-28.69081],[-49.42508,-28.69089],[-49.42536,-28.69111],[-49.42554,-28.69128],[-49.42562,-28.69143],[-49.42579,-28.69197],[-49.42606,-28.69287],[-49.4262,-28.69341],[-49.42629,-28.69376],[-49.42637,-28.69412],[-49.42643,-28.69424],[-49.42659,-28.69461],[-49.42683,-28.69508],[-49.42736,-28.69479],[-49.42749,-28.69477],[-49.42767,-28.69478],[-49.42777,-28.69469],[-49.42795,-28.69467],[-49.42812,-28.69466],[-49.42832,-28.69466],[-49.42897,-28.69461],[-49.42997,-28.69438],[-49.4302,-28.69434],[-49.43044,-28.69431],[-49.43056,-28.69428],[-49.43101,-28.69425],[-49.43167,-28.69418],[-49.43193,-28.69415],[-49.43232,-28.69412],[-49.43315,-28.69404],[-49.43302,-28.69544],[-49.43301,-28.69556],[-49.43295,-28.69645],[-49.43292,-28.69673],[-49.43291,-28.69727],[-49.43547,-28.69741],[-49.43705,-28.69747],[-49.43768,-28.69752],[-49.44032,-28.69763],[-49.44062,-28.69399],[-49.44079,-28.69399],[-49.44084,-28.694],[-49.44103,-28.69141],[-49.44112,-28.68938],[-49.44507,-28.68939],[-49.44509,-28.68882],[-49.44593,-28.68692],[-49.44833,-28.68705],[-49.46471,-28.68783],[-49.46471,-28.6877],[-49.46469,-28.68764],[-49.46466,-28.68759],[-49.46463,-28.68755],[-49.46437,-28.68736],[-49.46355,-28.68677],[-49.46327,-28.68659],[-49.46308,-28.68647],[-49.46258,-28.68612],[-49.46254,-28.68608],[-49.46249,-28.68603],[-49.46247,-28.68599],[-49.46246,-28.68596],[-49.46245,-28.68593],[-49.46245,-28.68586],[-49.46246,-28.6858],[-49.46248,-28.68571],[-49.46249,-28.68566],[-49.4625,-28.6856],[-49.46251,-28.68554],[-49.46252,-28.68548],[-49.46253,-28.68543],[-49.46253,-28.68538],[-49.46253,-28.68531],[-49.46253,-28.68527],[-49.46249,-28.68514],[-49.46243,-28.68502],[-49.46241,-28.68497],[-49.46237,-28.68492],[-49.46233,-28.68489],[-49.4623,-28.68487],[-49.46226,-28.68487],[-49.4622,-28.68487],[-49.46216,-28.68488],[-49.4621,-28.6849],[-49.46199,-28.68492],[-49.46194,-28.68492],[-49.46185,-28.68491],[-49.46181,-28.68491],[-49.46178,-28.6849],[-49.46175,-28.68488],[-49.46173,-28.68487],[-49.46172,-28.68484],[-49.4617,-28.68482],[-49.4617,-28.68479],[-49.4617,-28.68478],[-49.46169,-28.68473],[-49.46168,-28.68468],[-49.46167,-28.68464],[-49.46167,-28.68459],[-49.46166,-28.68453],[-49.46165,-28.68449],[-49.46163,-28.68445],[-49.46161,-28.68439],[-49.46158,-28.68434],[-49.46154,-28.68413],[-49.46153,-28.68406],[-49.46151,-28.68402],[-49.4615,-28.68397],[-49.46149,-28.68393],[-49.46147,-28.68389],[-49.46145,-28.68385],[-49.46141,-28.6838],[-49.46137,-28.68376],[-49.46135,-28.68373],[-49.46132,-28.68369],[-49.46124,-28.68357],[-49.46116,-28.68344],[-49.46114,-28.6834],[-49.46113,-28.68338],[-49.46112,-28.68335],[-49.46111,-28.68333],[-49.4611,-28.6833],[-49.46109,-28.68326],[-49.46109,-28.68321],[-49.46107,-28.68301],[-49.46109,-28.68292],[-49.46112,-28.68283],[-49.46119,-28.68263],[-49.4612,-28.68259],[-49.46122,-28.68255],[-49.46122,-28.68251],[-49.46124,-28.68247],[-49.46125,-28.68244],[-49.46126,-28.68242],[-49.46128,-28.6824],[-49.46129,-28.68237],[-49.4613,-28.68236],[-49.46131,-28.68233],[-49.46131,-28.6823],[-49.46131,-28.68229],[-49.46131,-28.68226],[-49.46134,-28.68218],[-49.46135,-28.68215],[-49.46134,-28.68214],[-49.46134,-28.68213],[-49.46129,-28.68212],[-49.46125,-28.68212],[-49.46122,-28.68213],[-49.46118,-28.68214],[-49.46116,-28.68214],[-49.46114,-28.68216],[-49.4611,-28.68219],[-49.46109,-28.68223],[-49.46104,-28.68229],[-49.46101,-28.68234],[-49.461,-28.68236],[-49.46099,-28.68238],[-49.46097,-28.68238],[-49.46083,-28.68244],[-49.46061,-28.68247],[-49.46054,-28.68247],[-49.46049,-28.68247],[-49.46045,-28.68247],[-49.46041,-28.68246],[-49.46039,-28.68245],[-49.46037,-28.68243],[-49.46036,-28.68242],[-49.46025,-28.68224],[-49.46017,-28.68214],[-49.46009,-28.68198],[-49.46007,-28.68193],[-49.46007,-28.68191],[-49.46007,-28.68188],[-49.46007,-28.68185],[-49.46007,-28.68182],[-49.46006,-28.68179],[-49.46005,-28.68176],[-49.46004,-28.68173],[-49.46002,-28.68171],[-49.45993,-28.68161],[-49.45991,-28.6816],[-49.45989,-28.68158],[-49.45988,-28.68157],[-49.45986,-28.68155],[-49.45983,-28.68151],[-49.45975,-28.68139],[-49.4597,-28.68132],[-49.45112,-28.68134],[-49.45113,-28.68172],[-49.4484,-28.68173],[-49.43752,-28.68185],[-49.43746,-28.67963],[-49.43592,-28.67966],[-49.43592,-28.68063],[-49.43592,-28.68092],[-49.4322,-28.68094],[-49.4292,-28.68096],[-49.42918,-28.68178]]]}},{"type":"Feature","id":"4204608049","properties":{"id":"4204608049","name":"Metropol","city":"Criciúma","cityCode":"4204608"},"geometry":{"type":"Polygon","coordinates":[[[-49.42691,-28.65401],[-49.42715,-28.654],[-49.42787,-28.65395],[-49.42859,-28.6539],[-49.42995,-28.6537],[-49.43098,-28.65354],[-49.43213,-28.65338],[-49.43312,-28.65321],[-49.43374,-28.6531],[-49.43392,-28.65308],[-49.43406,-28.65308],[-49.43387,-28.65296],[-49.43375,-28.6528],[-49.43365,-28.65249],[-49.43356,-28.65212],[-49.43347,-28.65172],[-49.43342,-28.65134],[-49.43323,-28.65068],[-49.43311,-28.65024],[-49.433,-28.64979],[-49.43286,-28.64944],[-49.43269,-28.64919],[-49.43252,-28.64907],[-49.43207,-28.6489],[-49.43171,-28.64878],[-49.435,-28.64579],[-49.43502,-28.64569],[-49.43499,-28.64557],[-49.4338,-28.64455],[-49.43405,-28.64445],[-49.43394,-28.64433],[-49.43378,-28.64422],[-49.43381,-28.64359],[-49.43387,-28.64345],[-49.43387,-28.64342],[-49.43387,-28.64341],[-49.43373,-28.64242],[-49.4337,-28.6419],[-49.43367,-28.64168],[-49.43367,-28.64137],[-49.43367,-28.64024],[-49.43367,-28.63998],[-49.43373,-28.63499],[-49.42708,-28.6354],[-49.42708,-28.63869],[-49.42704,-28.64133],[-49.42703,-28.64144],[-49.42693,-28.64522],[-49.42693,-28.64522],[-49.42693,-28.64527],[-49.42723,-28.64555],[-49.4276,-28.64601],[-49.42779,-28.64633],[-49.42794,-28.64654],[-49.42807,-28.64672],[-49.42815,-28.64684],[-49.4282,-28.64701],[-49.42821,-28.64726],[-49.42823,-28.64748],[-49.42828,-28.64817],[-49.42833,-28.64885],[-49.42756,-28.64904],[-49.42646,-28.6493],[-49.42552,-28.64952],[-49.42536,-28.64957],[-49.42507,-28.64969],[-49.42477,-28.64983],[-49.4242,-28.65017],[-49.42379,-28.65047],[-49.42336,-28.65078],[-49.42321,-28.65094],[-49.42311,-28.65113],[-49.42306,-28.65113],[-49.42298,-28.65114],[-49.42289,-28.65149],[-49.42277,-28.6517],[-49.42267,-28.65189],[-49.42284,-28.65193],[-49.42295,-28.65206],[-49.42325,-28.65222],[-49.42346,-28.65242],[-49.42354,-28.65254],[-49.42358,-28.65271],[-49.42355,-28.65284],[-49.42344,-28.65302],[-49.42313,-28.65346],[-49.42274,-28.65416],[-49.42291,-28.6541],[-49.42322,-28.65404],[-49.42359,-28.65404],[-49.42463,-28.65405],[-49.42575,-28.65404],[-49.42691,-28.65401]]]}},{"type":"Feature","id":"4204608501","properties":{"id":"4204608501","name":"Cidade Mineira Velha","city":"Criciúma","cityCode":"4204608"},"geometry":{"type":"Polygon","coordinates":[[[-49.42242,-28.6934],[-49.42314,-28.69276],[-49.42335,-28.69287],[-49.42368,-28.693],[-49.42405,-28.69311],[-49.42409,-28.69275],[-49.42549,-28.69251],[-49.42539,-28.69337],[-49.4262,-28.69341],[-49.42606,-28.69287],[-49.42579,-28.69197],[-49.42562,-28.69143],[-49.42554,-28.69128],[-49.42536,-28.69111],[-49.42508,-28.69089],[-49.42426,-28.69063],[-49.42404,-28.69058],[-49.4239,-28.6905],[-49.42389,-28.69038],[-49.42394,-28.69026],[-49.42377,-28.6902],[-49.42327,-28.69006],[-49.42278,-28.68989],[-49.42212,-28.68969],[-49.42195,-28.68964],[-49.4206,-28.68923],[-49.41963,-28.68893],[-49.41958,-28.68935],[-49.41956,-28.68954],[-49.41955,-28.68969],[-49.41955,-28.68996],[-49.4195,-28.69064],[-49.41947,-28.69101],[-49.41944,-28.69135],[-49.41941,-28.69157],[-49.41925,-28.69157],[-49.41901,-28.69172],[-49.41805,-28.69231],[-49.41764,-28.69263],[-49.41761,-28.69265],[-49.41739,-28.69284],[-49.41698,-28.69319],[-49.41673,-28.69341],[-49.41606,-28.69399],[-49.41572,-28.69422],[-49.41514,-28.69446],[-49.41421,-28.69478],[-49.4132,-28.69513],[-49.41301,-28.69524],[-49.41302,-28.69527],[-49.41305,-28.69538],[-49.4131,-28.69576],[-49.41313,-28.69616],[-49.41313,-28.69623],[-49.41316,-28.69629],[-49.41324,-28.69649],[-49.41331,-28.69665],[-49.41335,-28.69676],[-49.41341,-28.69684],[-49.41378,-28.69717],[-49.41396,-28.69736],[-49.41401,-28.69743],[-49.41411,-28.69761],[-49.41421,-28.69782],[-49.41431,-28.69803],[-49.4144,-28.69813],[-49.41458,-28.69832],[-49.41473,-28.69846],[-49.41487,-28.69858],[-49.41506,-28.69871],[-49.41521,-28.69881],[-49.41542,-28.69891],[-49.41572,-28.6991],[-49.4159,-28.6992],[-49.41622,-28.69935],[-49.4164,-28.69945],[-49.41654,-28.69955],[-49.41868,-28.69959],[-49.41871,-28.69929],[-49.41875,-28.69875],[-49.41879,-28.69821],[-49.41883,-28.69771],[-49.41984,-28.69771],[-49.42018,-28.69722],[-49.42056,-28.6967],[-49.42168,-28.6952],[-49.42182,-28.69506],[-49.422,-28.69482],[-49.42216,-28.69461],[-49.42227,-28.69444],[-49.42236,-28.69427],[-49.42243,-28.69405],[-49.42244,-28.69383],[-49.42242,-28.6934]]]}},{"type":"Feature","id":"4204608050","properties":{"id":"4204608050","name":"Poço Um","city":"Criciúma","cityCode":"4204608"},"geometry":{"type":"Polygon","coordinates":[[[-49.44037,-28.64385],[-49.44051,-28.6437],[-49.44073,-28.64345],[-49.44081,-28.64329],[-49.44081,-28.64314],[-49.44076,-28.64294],[-49.44074,-28.64277],[-49.44082,-28.64245],[-49.44102,-28.64228],[-49.44132,-28.64193],[-49.44135,-28.64135],[-49.44133,-28.64099],[-49.4413,-28.64074],[-49.4413,-28.64055],[-49.44136,-28.64044],[-49.44146,-28.64035],[-49.44155,-28.64022],[-49.44161,-28.64011],[-49.44165,-28.63995],[-49.44166,-28.63982],[-49.44165,-28.6397],[-49.44158,-28.63958],[-49.44139,-28.63935],[-49.44113,-28.63903],[-49.44096,-28.63883],[-49.44083,-28.63865],[-49.44071,-28.63847],[-49.44063,-28.63834],[-49.44061,-28.63814],[-49.44062,-28.63798],[-49.44067,-28.63772],[-49.44076,-28.63726],[-49.44082,-28.63679],[-49.44093,-28.63638],[-49.44113,-28.63577],[-49.44138,-28.6352],[-49.44166,-28.63475],[-49.44181,-28.63449],[-49.43373,-28.63499],[-49.43367,-28.63998],[-49.43367,-28.64024],[-49.43367,-28.64137],[-49.43367,-28.64168],[-49.4337,-28.6419],[-49.43373,-28.64242],[-49.43387,-28.64341],[-49.43387,-28.64342],[-49.43387,-28.64345],[-49.43381,-28.64359],[-49.43378,-28.64422],[-49.43394,-28.64433],[-49.43405,-28.64445],[-49.4338,-28.64455],[-49.43499,-28.64557],[-49.43688,-28.64714],[-49.4381,-28.64669],[-49.43993,-28.6443],[-49.44037,-28.64385]]]}},{"type":"Feature","id":"4204608514","properties":{"id":"4204608514","name":"Vila Miguel","city":"Criciúma","cityCode":"4204608"},"geometry":{"type":"Polygon","coordinates":[[[-49.42807,-28.64672],[-49.42794,-28.64654],[-49.42779,-28.64633],[-49.4276,-28.64601],[-49.42723,-28.64555],[-49.42693,-28.64527],[-49.42686,-28.64527],[-49.42286,-28.64533],[-49.42282,-28.64533],[-49.42277,-28.64533],[-49.41988,-28.64547],[-49.41994,-28.64567],[-49.4204,-28.64694],[-49.42053,-28.64728],[-49.42081,-28.64786],[-49.42123,-28.64838],[-49.42168,-28.64889],[-49.4223,-28.64956],[-49.4227,-28.65],[-49.42293,-28.65041],[-49.423,-28.65079],[-49.42298,-28.65114],[-49.42306,-28.65113],[-49.42311,-28.65113],[-49.42321,-28.65094],[-49.42336,-28.65078],[-49.42379,-28.65047],[-49.4242,-28.65017],[-49.42477,-28.64983],[-49.42507,-28.64969],[-49.42536,-28.64957],[-49.42552,-28.64952],[-49.42646,-28.6493],[-49.42756,-28.64904],[-49.42833,-28.64885],[-49.42828,-28.64817],[-49.42823,-28.64748],[-49.42821,-28.64726],[-49.4282,-28.64701],[-49.42815,-28.64684],[-49.42807,-28.64672]]]}},{"type":"Feature","id":"4204608505","properties":{"id":"4204608505","name":"Liberdade","city":"Criciúma","cityCode":"4204608"},"geometry":{"type":"Polygon","coordinates":[[[-49.41511,-28.68277],[-49.41509,-28.68286],[-49.41501,-28.68305],[-49.41495,-28.68319],[-49.41494,-28.68326],[-49.41494,-28.6833],[-49.41495,-28.68336],[-49.41497,-28.6834],[-49.41501,-28.68344],[-49.41503,-28.68347],[-49.41506,-28.68349],[-49.41524,-28.6836],[-49.41546,-28.68375],[-49.41549,-28.68379],[-49.41553,-28.68383],[-49.41559,-28.68393],[-49.4156,-28.68396],[-49.41564,-28.684],[-49.41571,-28.68408],[-49.41573,-28.6841],[-49.41579,-28.68414],[-49.41587,-28.6842],[-49.4159,-28.68423],[-49.41595,-28.68428],[-49.41603,-28.68438],[-49.41614,-28.68449],[-49.41625,-28.68461],[-49.41632,-28.68469],[-49.41646,-28.68487],[-49.41659,-28.68507],[-49.41671,-28.68524],[-49.41678,-28.68538],[-49.41681,-28.68546],[-49.41682,-28.68553],[-49.41684,-28.6856],[-49.41685,-28.68558],[-49.4169,-28.68556],[-49.41691,-28.68556],[-49.41692,-28.68556],[-49.41695,-28.68555],[-49.41697,-28.68555],[-49.41698,-28.68554],[-49.417,-28.68554],[-49.41703,-28.68554],[-49.41707,-28.68553],[-49.41722,-28.68554],[-49.41732,-28.68554],[-49.41741,-28.68553],[-49.4175,-28.68552],[-49.41757,-28.6855],[-49.41773,-28.68543],[-49.41795,-28.68531],[-49.41805,-28.68526],[-49.41816,-28.68517],[-49.41823,-28.6851],[-49.41827,-28.68506],[-49.41831,-28.68501],[-49.41847,-28.68477],[-49.41853,-28.68467],[-49.41874,-28.68425],[-49.41881,-28.68411],[-49.41891,-28.68393],[-49.41892,-28.68391],[-49.41894,-28.68388],[-49.41904,-28.68377],[-49.41917,-28.68363],[-49.41931,-28.68347],[-49.41936,-28.6834],[-49.41942,-28.68331],[-49.41947,-28.68323],[-49.41949,-28.68316],[-49.41953,-28.68303],[-49.41958,-28.68281],[-49.41958,-28.6828],[-49.41958,-28.68277],[-49.41959,-28.68273],[-49.41964,-28.68261],[-49.41969,-28.68251],[-49.41973,-28.68243],[-49.41974,-28.68238],[-49.41981,-28.68208],[-49.41984,-28.68201],[-49.41987,-28.68194],[-49.41992,-28.68187],[-49.42,-28.68179],[-49.42012,-28.68165],[-49.42018,-28.68155],[-49.42031,-28.68121],[-49.42034,-28.68113],[-49.42036,-28.68108],[-49.42037,-28.68103],[-49.42039,-28.68091],[-49.42039,-28.68086],[-49.42039,-28.68078],[-49.42038,-28.68065],[-49.42039,-28.68055],[-49.42039,-28.68047],[-49.42041,-28.6803],[-49.42044,-28.68023],[-49.42046,-28.68019],[-49.4205,-28.68013],[-49.42053,-28.68006],[-49.42055,-28.67999],[-49.42056,-28.67995],[-49.42057,-28.67987],[-49.42057,-28.67977],[-49.42056,-28.67964],[-49.42053,-28.67948],[-49.4205,-28.67934],[-49.42047,-28.67915],[-49.42046,-28.67906],[-49.42045,-28.67897],[-49.42046,-28.67887],[-49.42054,-28.67843],[-49.4206,-28.67796],[-49.4206,-28.67795],[-49.4206,-28.67791],[-49.41976,-28.67789],[-49.41853,-28.67783],[-49.41822,-28.67778],[-49.41801,-28.67775],[-49.41783,-28.67771],[-49.41765,-28.67768],[-49.41743,-28.67764],[-49.41704,-28.67758],[-49.41693,-28.67757],[-49.41656,-28.67749],[-49.41577,-28.67738],[-49.41542,-28.67732],[-49.41517,-28.67727],[-49.415,-28.67724],[-49.41434,-28.67714],[-49.41393,-28.67705],[-49.41354,-28.67694],[-49.41356,-28.67699],[-49.4136,-28.67731],[-49.41371,-28.67787],[-49.41377,-28.67837],[-49.41389,-28.67869],[-49.41413,-28.67932],[-49.41452,-28.68042],[-49.41462,-28.68087],[-49.41472,-28.6803],[-49.41484,-28.67999],[-49.4151,-28.67961],[-49.41538,-28.67929],[-49.41548,-28.67937],[-49.41555,-28.67942],[-49.41561,-28.67948],[-49.41563,-28.67952],[-49.41564,-28.67957],[-49.41564,-28.67965],[-49.41564,-28.67973],[-49.41562,-28.67978],[-49.41561,-28.67981],[-49.41558,-28.67984],[-49.41548,-28.67989],[-49.41542,-28.67992],[-49.41534,-28.67998],[-49.41521,-28.68012],[-49.41515,-28.6802],[-49.41511,-28.68026],[-49.41509,-28.68033],[-49.41505,-28.68055],[-49.41503,-28.6807],[-49.41502,-28.6808],[-49.41503,-28.68083],[-49.41504,-28.68087],[-49.41509,-28.68095],[-49.41514,-28.68106],[-49.41521,-28.68124],[-49.41529,-28.68151],[-49.41531,-28.68157],[-49.41532,-28.68168],[-49.41532,-28.68179],[-49.41529,-28.68195],[-49.41521,-28.68223],[-49.41518,-28.68236],[-49.41515,-28.6825],[-49.41513,-28.68266],[-49.41511,-28.68277]]]}},{"type":"Feature","id":"4204608047","properties":{"id":"4204608047","name":"Imperatriz","city":"Criciúma","cityCode":"4204608"},"geometry":{"type":"Polygon","coordinates":[[[-49.41947,-28.69101],[-49.4195,-28.69064],[-49.41955,-28.68996],[-49.41955,-28.68969],[-49.41956,-28.68954],[-49.41958,-28.68935],[-49.41963,-28.68893],[-49.41964,-28.68881],[-49.41967,-28.68831],[-49.41972,-28.68762],[-49.41973,-28.68744],[-49.41979,-28.68688],[-49.4198,-28.68665],[-49.41985,-28.68618],[-49.41992,-28.68545],[-49.41994,-28.68514],[-49.41998,-28.68472],[-49.42001,-28.68435],[-49.42005,-28.68393],[-49.42005,-28.68393],[-49.42011,-28.68321],[-49.42015,-28.68296],[-49.42019,-28.68275],[-49.42001,-28.68276],[-49.41985,-28.68281],[-49.41958,-28.68277],[-49.41958,-28.6828],[-49.41958,-28.68281],[-49.41953,-28.68303],[-49.41949,-28.68316],[-49.41947,-28.68323],[-49.41942,-28.68331],[-49.41936,-28.6834],[-49.41931,-28.68347],[-49.41917,-28.68363],[-49.41904,-28.68377],[-49.41894,-28.68388],[-49.41892,-28.68391],[-49.41891,-28.68393],[-49.41881,-28.68411],[-49.41874,-28.68425],[-49.41853,-28.68467],[-49.41847,-28.68477],[-49.41831,-28.68501],[-49.41827,-28.68506],[-49.41823,-28.6851],[-49.41816,-28.68517],[-49.41805,-28.68526],[-49.41795,-28.68531],[-49.41773,-28.68543],[-49.41757,-28.6855],[-49.4175,-28.68552],[-49.41741,-28.68553],[-49.41732,-28.68554],[-49.41722,-28.68554],[-49.41707,-28.68553],[-49.41703,-28.68554],[-49.417,-28.68554],[-49.41698,-28.68554],[-49.41697,-28.68555],[-49.41695,-28.68555],[-49.41692,-28.68556],[-49.41691,-28.68556],[-49.4169,-28.68556],[-49.41685,-28.68558],[-49.41684,-28.6856],[-49.41681,-28.68562],[-49.41679,-28.68565],[-49.41678,-28.68569],[-49.41679,-28.68579],[-49.4168,-28.68588],[-49.41679,-28.68607],[-49.41676,-28.6863],[-49.41673,-28.68643],[-49.41669,-28.68655],[-49.41666,-28.68661],[-49.41654,-28.68687],[-49.41649,-28.68695],[-49.41642,-28.68703],[-49.4163,-28.68717],[-49.41617,-28.68735],[-49.41613,-28.68742],[-49.41607,-28.68752],[-49.416,-28.68772],[-49.41594,-28.68798],[-49.41593,-28.688],[-49.41592,-28.68802],[-49.41591,-28.68809],[-49.41591,-28.6883],[-49.41593,-28.6884],[-49.41596,-28.6885],[-49.41604,-28.6887],[-49.4161,-28.68886],[-49.4162,-28.68908],[-49.41626,-28.68925],[-49.4163,-28.68945],[-49.41631,-28.68955],[-49.41635,-28.68973],[-49.41637,-28.68979],[-49.41641,-28.68988],[-49.41644,-28.68992],[-49.41646,-28.69],[-49.41647,-28.69005],[-49.41647,-28.69011],[-49.41643,-28.69021],[-49.41637,-28.69031],[-49.41625,-28.69046],[-49.4162,-28.69049],[-49.41613,-28.69055],[-49.41611,-28.69056],[-49.41609,-28.69059],[-49.41596,-28.69082],[-49.4158,-28.69111],[-49.41569,-28.6913],[-49.41561,-28.6914],[-49.41549,-28.69151],[-49.41533,-28.6917],[-49.41523,-28.69179],[-49.41517,-28.69185],[-49.4149,-28.69202],[-49.41472,-28.6921],[-49.41456,-28.69218],[-49.41449,-28.69224],[-49.41446,-28.69227],[-49.41442,-28.69232],[-49.41435,-28.69246],[-49.41429,-28.69256],[-49.41419,-28.69275],[-49.41411,-28.69299],[-49.41407,-28.6932],[-49.41405,-28.69326],[-49.41402,-28.69333],[-49.41393,-28.69343],[-49.4138,-28.69354],[-49.41364,-28.69364],[-49.41329,-28.69381],[-49.41324,-28.69384],[-49.41319,-28.69388],[-49.41314,-28.69394],[-49.41309,-28.69402],[-49.41307,-28.69407],[-49.41306,-28.69419],[-49.41305,-28.69459],[-49.41305,-28.69483],[-49.41304,-28.69506],[-49.41301,-28.6952],[-49.41301,-28.69524],[-49.4132,-28.69513],[-49.41421,-28.69478],[-49.41514,-28.69446],[-49.41572,-28.69422],[-49.41606,-28.69399],[-49.41673,-28.69341],[-49.41698,-28.69319],[-49.41739,-28.69284],[-49.41761,-28.69265],[-49.41764,-28.69263],[-49.41805,-28.69231],[-49.41901,-28.69172],[-49.41925,-28.69157],[-49.41941,-28.69157],[-49.41944,-28.69135],[-49.41947,-28.69101]]]}},{"type":"Feature","id":"4204608516","properties":{"id":"4204608516","name":"Vila São José","city":"Criciúma","cityCode":"4204608"},"geometry":{"type":"Polygon","coordinates":[[[-49.42691,-28.65401],[-49.42575,-28.65404],[-49.42463,-28.65405],[-49.42359,-28.65404],[-49.42322,-28.65404],[-49.42291,-28.6541],[-49.42289,-28.6548],[-49.42289,-28.65565],[-49.4229,-28.65598],[-49.4229,-28.6562],[-49.4229,-28.65714],[-49.42293,-28.66028],[-49.4268,-28.66035],[-49.42876,-28.66039],[-49.43125,-28.66043],[-49.43125,-28.6592],[-49.43125,-28.65919],[-49.43123,-28.65866],[-49.43118,-28.65847],[-49.43105,-28.65827],[-49.43087,-28.65804],[-49.43042,-28.65754],[-49.43013,-28.65706],[-49.43,-28.65693],[-49.42987,-28.6568],[-49.42974,-28.6566],[-49.42949,-28.65603],[-49.42926,-28.65532],[-49.42912,-28.65447],[-49.42906,-28.6543],[-49.42893,-28.65412],[-49.42859,-28.6539],[-49.42787,-28.65395],[-49.42715,-28.654],[-49.42691,-28.65401]]]}},{"type":"Feature","id":"4204608512","properties":{"id":"4204608512","name":"Vila Francesa","city":"Criciúma","cityCode":"4204608"},"geometry":{"type":"Polygon","coordinates":[[[-49.41263,-28.67301],[-49.4127,-28.67307],[-49.41276,-28.67316],[-49.41279,-28.67325],[-49.4128,-28.67337],[-49.41287,-28.67395],[-49.41293,-28.67419],[-49.41295,-28.67448],[-49.413,-28.67469],[-49.41308,-28.67481],[-49.41313,-28.67492],[-49.41321,-28.67511],[-49.41322,-28.67522],[-49.41324,-28.67535],[-49.41328,-28.67546],[-49.41326,-28.67558],[-49.41329,-28.6757],[-49.41336,-28.67579],[-49.41342,-28.67588],[-49.41345,-28.67616],[-49.4135,-28.67645],[-49.41354,-28.67694],[-49.41393,-28.67705],[-49.41434,-28.67714],[-49.415,-28.67724],[-49.41517,-28.67727],[-49.41542,-28.67732],[-49.41577,-28.67738],[-49.41656,-28.67749],[-49.41693,-28.67757],[-49.41696,-28.67753],[-49.41696,-28.67753],[-49.41704,-28.67744],[-49.41729,-28.67714],[-49.41749,-28.67678],[-49.41761,-28.67649],[-49.41769,-28.67609],[-49.41774,-28.67476],[-49.41779,-28.67356],[-49.41779,-28.67355],[-49.41779,-28.67352],[-49.41779,-28.67349],[-49.41779,-28.67347],[-49.41779,-28.67334],[-49.4178,-28.67295],[-49.41538,-28.67227],[-49.41546,-28.67212],[-49.41551,-28.67181],[-49.41544,-28.67162],[-49.41533,-28.67146],[-49.41522,-28.6712],[-49.41508,-28.67105],[-49.41474,-28.67094],[-49.41427,-28.67082],[-49.41402,-28.6707],[-49.41382,-28.6706],[-49.4137,-28.67046],[-49.41328,-28.67047],[-49.41285,-28.67047],[-49.41266,-28.6705],[-49.41258,-28.67044],[-49.4122,-28.67031],[-49.41204,-28.6702],[-49.41194,-28.67009],[-49.41194,-28.67033],[-49.41209,-28.6719],[-49.41184,-28.67214],[-49.4121,-28.67236],[-49.41232,-28.67264],[-49.41253,-28.67292],[-49.41263,-28.67301]]]}},{"type":"Feature","id":"4204608053","properties":{"id":"4204608053","name":"São Defende","city":"Criciúma","cityCode":"4204608"},"geometry":{"type":"Polygon","coordinates":[[[-49.44504,-28.70659],[-49.44498,-28.70724],[-49.44498,-28.7073],[-49.44495,-28.70762],[-49.44489,-28.70819],[-49.44488,-28.70827],[-49.44485,-28.70876],[-49.44483,-28.70891],[-49.44479,-28.70932],[-49.44477,-28.70955],[-49.44477,-28.70955],[-49.44472,-28.71004],[-49.44468,-28.71038],[-49.44467,-28.71059],[-49.44466,-28.71075],[-49.44456,-28.71185],[-49.44452,-28.71197],[-49.44452,-28.71201],[-49.44449,-28.71274],[-49.44973,-28.71275],[-49.45417,-28.71276],[-49.45487,-28.71277],[-49.45487,-28.71277],[-49.45574,-28.71278],[-49.45787,-28.71278],[-49.45901,-28.71278],[-49.46139,-28.71279],[-49.46337,-28.71279],[-49.46494,-28.7128],[-49.46492,-28.71258],[-49.46494,-28.71234],[-49.46495,-28.71209],[-49.46496,-28.71188],[-49.46496,-28.71175],[-49.46493,-28.71166],[-49.46477,-28.71153],[-49.46465,-28.71137],[-49.46454,-28.71119],[-49.46442,-28.71107],[-49.46432,-28.71099],[-49.46426,-28.71088],[-49.46419,-28.71073],[-49.46418,-28.71061],[-49.46423,-28.71043],[-49.4643,-28.71017],[-49.46435,-28.70998],[-49.46436,-28.70984],[-49.46436,-28.70962],[-49.46432,-28.7094],[-49.46424,-28.7091],[-49.46411,-28.7087],[-49.46406,-28.70852],[-49.46408,-28.70829],[-49.46417,-28.7082],[-49.46485,-28.70718],[-49.46561,-28.7063],[-49.46572,-28.70618],[-49.46586,-28.70589],[-49.46589,-28.70559],[-49.46589,-28.70558],[-49.46589,-28.70555],[-49.4659,-28.70551],[-49.4659,-28.70551],[-49.46598,-28.70476],[-49.46602,-28.70405],[-49.46603,-28.70405],[-49.46603,-28.70401],[-49.46601,-28.70396],[-49.46605,-28.70336],[-49.46611,-28.70148],[-49.46611,-28.70095],[-49.46692,-28.69134],[-49.46689,-28.69132],[-49.46688,-28.69131],[-49.46687,-28.6913],[-49.46686,-28.69127],[-49.46685,-28.69123],[-49.46685,-28.69118],[-49.46685,-28.69111],[-49.46687,-28.69095],[-49.46687,-28.69087],[-49.46688,-28.6908],[-49.46688,-28.69071],[-49.4669,-28.69044],[-49.4669,-28.69039],[-49.46689,-28.69033],[-49.46689,-28.69028],[-49.46689,-28.69023],[-49.46688,-28.69018],[-49.46687,-28.69016],[-49.46685,-28.69013],[-49.46683,-28.6901],[-49.46666,-28.69],[-49.46662,-28.68997],[-49.46656,-28.68993],[-49.46652,-28.6899],[-49.4665,-28.68987],[-49.46649,-28.68985],[-49.46649,-28.68983],[-49.46649,-28.68981],[-49.4665,-28.68978],[-49.46652,-28.68974],[-49.46655,-28.68971],[-49.46656,-28.68968],[-49.46659,-28.68965],[-49.46664,-28.6896],[-49.46668,-28.68956],[-49.46676,-28.68948],[-49.46646,-28.68956],[-49.46601,-28.68966],[-49.46594,-28.68972],[-49.46582,-28.68982],[-49.46575,-28.68992],[-49.46566,-28.69016],[-49.46564,-28.69038],[-49.46565,-28.6908],[-49.46567,-28.69118],[-49.46564,-28.6913],[-49.46558,-28.69136],[-49.46558,-28.69145],[-49.46524,-28.69138],[-49.46482,-28.69145],[-49.46439,-28.69158],[-49.4641,-28.69164],[-49.46394,-28.69165],[-49.46382,-28.69168],[-49.46321,-28.692],[-49.46283,-28.69226],[-49.46254,-28.69241],[-49.46198,-28.69262],[-49.46131,-28.69279],[-49.46102,-28.69289],[-49.46058,-28.69309],[-49.46036,-28.69308],[-49.45988,-28.693],[-49.45968,-28.69299],[-49.45949,-28.69307],[-49.45942,-28.69317],[-49.45953,-28.69351],[-49.45961,-28.69369],[-49.45962,-28.6938],[-49.45952,-28.69389],[-49.45935,-28.69392],[-49.45883,-28.6939],[-49.45804,-28.69373],[-49.45707,-28.69343],[-49.45703,-28.69349],[-49.45693,-28.69363],[-49.45667,-28.69387],[-49.45652,-28.69401],[-49.45638,-28.69417],[-49.45632,-28.69424],[-49.4563,-28.69433],[-49.45629,-28.69456],[-49.45628,-28.69486],[-49.45624,-28.69486],[-49.45088,-28.69465],[-49.45065,-28.6985],[-49.45061,-28.69909],[-49.4505,-28.70079],[-49.45035,-28.70085],[-49.45026,-28.70088],[-49.45025,-28.70092],[-49.45024,-28.70132],[-49.45022,-28.70187],[-49.45018,-28.70233],[-49.45018,-28.70236],[-49.45017,-28.70236],[-49.45012,-28.70301],[-49.45012,-28.70305],[-49.44848,-28.70294],[-49.44688,-28.70281],[-49.44535,-28.7027],[-49.44528,-28.70343],[-49.44519,-28.70464],[-49.44513,-28.70542],[-49.4451,-28.70582],[-49.44504,-28.70659],[-49.44504,-28.70659]]]}},{"type":"Feature","id":"4204608056","properties":{"id":"4204608056","name":"Progresso","city":"Criciúma","cityCode":"4204608"},"geometry":{"type":"Polygon","coordinates":[[[-49.43044,-28.69431],[-49.4302,-28.69434],[-49.42997,-28.69438],[-49.42897,-28.69461],[-49.42832,-28.69466],[-49.42812,-28.69466],[-49.42795,-28.69467],[-49.42777,-28.69469],[-49.42767,-28.69478],[-49.42749,-28.69477],[-49.42736,-28.69479],[-49.42683,-28.69508],[-49.42709,-28.69549],[-49.4273,-28.69576],[-49.42758,-28.69608],[-49.42762,-28.69612],[-49.42793,-28.69644],[-49.42812,-28.69662],[-49.42837,-28.69683],[-49.42902,-28.69728],[-49.42961,-28.69771],[-49.43028,-28.69818],[-49.43087,-28.69857],[-49.43088,-28.69857],[-49.43221,-28.69941],[-49.43253,-28.6996],[-49.43295,-28.69986],[-49.43349,-28.70013],[-49.43376,-28.70023],[-49.43405,-28.70036],[-49.43429,-28.70045],[-49.435,-28.70069],[-49.43484,-28.70039],[-49.43473,-28.70017],[-49.43466,-28.69997],[-49.43456,-28.69974],[-49.43447,-28.69959],[-49.43437,-28.69949],[-49.43424,-28.69939],[-49.43396,-28.69918],[-49.43359,-28.69892],[-49.43345,-28.69878],[-49.43332,-28.69857],[-49.43301,-28.69793],[-49.43299,-28.69782],[-49.43294,-28.69763],[-49.4329,-28.69737],[-49.43291,-28.69727],[-49.43292,-28.69673],[-49.43295,-28.69645],[-49.43301,-28.69556],[-49.43302,-28.69544],[-49.43315,-28.69404],[-49.43232,-28.69412],[-49.43193,-28.69415],[-49.43167,-28.69418],[-49.43101,-28.69425],[-49.43056,-28.69428],[-49.43044,-28.69431]]]}},{"type":"Feature","id":"4204608515","properties":{"id":"4204608515","name":"Vila Nova Esperança","city":"Criciúma","cityCode":"4204608"},"geometry":{"type":"Polygon","coordinates":[[[-49.43608,-28.71272],[-49.43905,-28.71272],[-49.44449,-28.71274],[-49.44452,-28.71201],[-49.44452,-28.71197],[-49.44456,-28.71185],[-49.44466,-28.71075],[-49.44467,-28.71059],[-49.44468,-28.71038],[-49.44472,-28.71004],[-49.44477,-28.70955],[-49.44477,-28.70955],[-49.44479,-28.70932],[-49.44483,-28.70891],[-49.44485,-28.70876],[-49.44488,-28.70827],[-49.44489,-28.70819],[-49.44495,-28.70762],[-49.44498,-28.7073],[-49.44317,-28.70722],[-49.4433,-28.70572],[-49.44339,-28.70451],[-49.44344,-28.70392],[-49.44348,-28.70332],[-49.44355,-28.70255],[-49.44283,-28.70249],[-49.44211,-28.70244],[-49.4414,-28.70238],[-49.44068,-28.70232],[-49.43978,-28.70226],[-49.43953,-28.70224],[-49.43906,-28.70223],[-49.43891,-28.70222],[-49.43811,-28.7023],[-49.43752,-28.70236],[-49.43587,-28.70251],[-49.43488,-28.7026],[-49.43417,-28.70267],[-49.43387,-28.70269],[-49.43345,-28.70273],[-49.43306,-28.70276],[-49.43273,-28.70279],[-49.43222,-28.70282],[-49.43167,-28.70286],[-49.43144,-28.70287],[-49.43101,-28.70286],[-49.43092,-28.70446],[-49.43085,-28.70527],[-49.4302,-28.70568],[-49.42968,-28.70602],[-49.42945,-28.70614],[-49.42942,-28.70617],[-49.42942,-28.70618],[-49.42935,-28.70622],[-49.42931,-28.70627],[-49.42925,-28.70634],[-49.42921,-28.70638],[-49.42911,-28.70646],[-49.42901,-28.70654],[-49.42878,-28.70671],[-49.42877,-28.70673],[-49.42876,-28.70675],[-49.42874,-28.70677],[-49.42868,-28.70683],[-49.42866,-28.70684],[-49.42862,-28.70687],[-49.42858,-28.7069],[-49.42854,-28.70692],[-49.42845,-28.70698],[-49.42839,-28.70703],[-49.42832,-28.70708],[-49.42818,-28.70716],[-49.42807,-28.70721],[-49.42792,-28.70727],[-49.42778,-28.70731],[-49.42772,-28.70734],[-49.42763,-28.7074],[-49.42758,-28.70744],[-49.42756,-28.70746],[-49.42753,-28.70749],[-49.42747,-28.70759],[-49.4274,-28.70767],[-49.42734,-28.70774],[-49.42732,-28.70778],[-49.42729,-28.70782],[-49.42728,-28.70784],[-49.42721,-28.70792],[-49.42715,-28.70796],[-49.42707,-28.70804],[-49.42695,-28.70816],[-49.42683,-28.70827],[-49.42676,-28.70834],[-49.42663,-28.70845],[-49.42652,-28.70857],[-49.42639,-28.70874],[-49.42617,-28.70898],[-49.4259,-28.70928],[-49.42562,-28.70962],[-49.42529,-28.70997],[-49.42509,-28.71018],[-49.42488,-28.71043],[-49.42455,-28.71078],[-49.42436,-28.71101],[-49.42428,-28.71106],[-49.42427,-28.71106],[-49.42424,-28.71108],[-49.42422,-28.71111],[-49.42421,-28.71111],[-49.42413,-28.71124],[-49.42408,-28.71127],[-49.42403,-28.71129],[-49.424,-28.7113],[-49.42395,-28.7113],[-49.42391,-28.71129],[-49.42386,-28.7113],[-49.42382,-28.71131],[-49.42355,-28.71135],[-49.42314,-28.71143],[-49.42283,-28.71148],[-49.42273,-28.71149],[-49.42239,-28.71157],[-49.4222,-28.71161],[-49.4218,-28.71166],[-49.42163,-28.71169],[-49.42143,-28.71173],[-49.42136,-28.71176],[-49.42132,-28.71179],[-49.4213,-28.7118],[-49.42129,-28.71182],[-49.42131,-28.71187],[-49.42132,-28.71193],[-49.42136,-28.71203],[-49.42137,-28.71208],[-49.42139,-28.71213],[-49.42141,-28.71218],[-49.42144,-28.71234],[-49.42147,-28.71246],[-49.42148,-28.71251],[-49.42149,-28.71266],[-49.42148,-28.71278],[-49.42145,-28.71307],[-49.42126,-28.7143],[-49.42146,-28.71421],[-49.42166,-28.71412],[-49.42182,-28.71402],[-49.42197,-28.71396],[-49.42215,-28.71389],[-49.4223,-28.71381],[-49.42251,-28.71364],[-49.42267,-28.7135],[-49.42283,-28.71337],[-49.42297,-28.71323],[-49.42309,-28.71302],[-49.42318,-28.71286],[-49.42505,-28.71283],[-49.43418,-28.71271],[-49.43608,-28.71272]]]}}]}